purchase_date,store_location,customer_name,order_items,payment_method,Total_spent,Payment_details
23/02/2021 09:00,Isle of Wight,Morgan Berka,"Large,Hot chocolate,2.9,Large,Chai latte,2.6,Large,Hot chocolate,2.9",CASH,8.4,None
23/02/2021 09:01,Isle of Wight,William Perdomo,"Large,Latte,2.45",CARD,2.45,"discover,6011776257398866"
23/02/2021 09:02,Isle of Wight,Amber Roberts,",Frappes - Coffee,2.75,,Cortado,2.05,,Glass of milk,0.7,,Speciality Tea - Camomile,1.3,,Speciality Tea - Camomile,1.3",CARD,8.1,"discover,6011893765428836"
23/02/2021 09:03,Isle of Wight,Tisha Timmons,",Speciality Tea - Camomile,1.3,,Hot Chocolate,1.4",CASH,2.7,None
23/02/2021 09:04,Isle of Wight,Johnnie Davis,",Flavoured iced latte - Hazelnut,2.75,Large,Espresso,1.8,,Glass of milk,0.7,,Smoothies - Berry Beautiful,2.0",CASH,7.25,None
23/02/2021 09:05,Isle of Wight,Jason Martin,"Regular,Filter coffee,1.5,Large,Flavoured hot chocolate - Caramel,2.9,Large,Flavoured latte - Gingerbread,2.85",CARD,7.25,"americanexpress,347932748275944"
23/02/2021 09:06,Isle of Wight,Jennifer Wade,",Hot Chocolate,1.4,,Speciality Tea - Camomile,1.3,,Speciality Tea - Green,1.3,Large,Americano,2.25,,Flavoured iced latte - Vanilla,2.75",CARD,9,"mastercard,52349866666956610"
23/02/2021 09:07,Isle of Wight,James Jimenez,",Speciality Tea - Green,1.3,,Red Label tea,1.2",CARD,2.5,"americanexpress,355841231591387"
23/02/2021 09:08,Isle of Wight,Esther Craig,"Large,Espresso,1.8,Regular,Flavoured hot chocolate - Vanilla,2.6,,Flavoured iced latte - Vanilla,2.75",CASH,7.15,None
23/02/2021 09:09,Isle of Wight,James Tucker,",Speciality Tea - Green,1.3,,Flavoured iced latte - Vanilla,2.75,Regular,Americano,1.95",CARD,6,"discover,6011658851596584"
23/02/2021 09:10,Isle of Wight,Joshua Trahan,",Hot Chocolate,1.4,Large,Cappuccino,2.45",CASH,3.85,None
23/02/2021 09:11,Isle of Wight,Timothy Hope,",Cortado,2.05,Regular,Latte,2.15,Large,Flavoured latte - Vanilla,2.85,Large,Chai latte,2.6",CARD,9.65,"visa13,4891633226863"
23/02/2021 09:12,Isle of Wight,Milton Mathews,",Frappes - Strawberries & Cream,2.75,,Frappes - Strawberries & Cream,2.75,,Flavoured iced latte - Vanilla,2.75",CARD,8.25,"visa16,4924515776335673"
23/02/2021 09:13,Isle of Wight,Joseph Cheng,",Speciality Tea - English breakfast,1.3",CARD,1.3,"americanexpress,358366644963152"
23/02/2021 09:14,Isle of Wight,Mary Howard,",Cortado,2.05",CASH,2.05,None
23/02/2021 09:15,Isle of Wight,Suzanne Cookerly,",Hot Chocolate,1.4,Large,Filter coffee,1.8,,Speciality Tea - Camomile,1.3,,Speciality Tea - Peppermint,1.3,,Speciality Tea - Darjeeling,1.3",CASH,7.1,None
23/02/2021 09:16,Isle of Wight,Jonathan Lewis,",Iced americano,2.15,,Babyccino,0.0,Large,Flavoured latte - Vanilla,2.85,,Flavoured iced latte - Hazelnut,2.75,,Frappes - Strawberries & Cream,2.75",CARD,10.5,"visa13,4289345283126"
23/02/2021 09:17,Isle of Wight,Roger Walker,"Large,Flavoured latte - Caramel,2.85",CARD,2.85,"visa16,41283441555354710"
23/02/2021 09:18,Isle of Wight,Angela Gunn,",Flavoured iced latte - Caramel,2.75",CARD,2.75,"visa16,4558177766236594"
23/02/2021 09:19,Isle of Wight,Amanda Parkinson,"Large,Flavoured latte - Caramel,2.85,Large,Latte,2.45",CARD,5.3,"visa16,4668669235933261"
23/02/2021 09:20,Isle of Wight,Walter Quivers,",Frappes - Strawberries & Cream,2.75,,Frappes - Strawberries & Cream,2.75,Large,Flavoured latte - Gingerbread,2.85,,Mocha,2.3,Large,Flavoured latte - Gingerbread,2.85",CARD,13.5,"americanexpress,343928666843634"
23/02/2021 09:21,Isle of Wight,Sadie Salas,"Regular,Flavoured latte - Vanilla,2.55,Large,Luxury hot chocolate,2.7,,Speciality Tea - Green,1.3,,Red Label tea,1.2",CASH,7.75,None
23/02/2021 09:22,Isle of Wight,Dolores Woodson,",Hot Chocolate,1.4,Regular,Americano,1.95",CASH,3.35,None
23/02/2021 09:23,Isle of Wight,Veronica Walls,"Large,Latte,2.45",CASH,2.45,None
23/02/2021 09:24,Isle of Wight,Angela Ferrari,"Large,Filter coffee,1.8,Large,Flavoured hot chocolate - Caramel,2.9,Regular,Flavoured hot chocolate - Vanilla,2.6,,Speciality Tea - Camomile,1.3",CASH,8.6,None
23/02/2021 09:25,Isle of Wight,Rhonda Obermiller,"Large,Chai latte,2.6,,Speciality Tea - Fruit,1.3",CARD,3.9,"mastercard,5346599764578442"
23/02/2021 09:26,Isle of Wight,Henry Hutzler,"Large,Americano,2.25,Large,Flavoured hot chocolate - Caramel,2.9",CASH,5.15,None
23/02/2021 09:27,Isle of Wight,Darnell Hayes,",Red Label tea,1.2",CARD,1.2,"discover,6011695463887795"
23/02/2021 09:28,Isle of Wight,Adam Connors,"Large,Latte,2.45,Large,Flavoured latte - Hazelnut,2.85,,Frappes - Strawberries & Cream,2.75",CARD,8.05,"americanexpress,3543154237252610"
23/02/2021 09:29,Isle of Wight,Bridget Oneil,",Frappes - Coffee,2.75,,Flavoured iced latte - Vanilla,2.75,Large,Flavoured latte - Vanilla,2.85,,Speciality Tea - Earl Grey,1.3",CARD,9.65,"visa16,4283633598174934"
23/02/2021 09:30,Isle of Wight,Robert Hairston,"Large,Hot chocolate,2.9",CASH,2.9,None
23/02/2021 09:31,Isle of Wight,Janice Long,",Flat white,2.15,,Frappes - Chocolate Cookie,2.75,,Speciality Tea - Green,1.3",CARD,6.2,"visa13,4813252884145"
23/02/2021 09:32,Isle of Wight,Amy Lanzilotta,"Regular,Flavoured latte - Gingerbread,2.55,,Glass of milk,0.7,Large,Chai latte,2.6",CASH,5.85,None
23/02/2021 09:33,Isle of Wight,Jordan Clouse,",Speciality Tea - Earl Grey,1.3,,Speciality Tea - Earl Grey,1.3,,Red Label tea,1.2",CASH,3.8,None
23/02/2021 09:34,Isle of Wight,Athena Winston,",Speciality Tea - Fruit,1.3",CARD,1.3,"americanexpress,351491457579585"
23/02/2021 09:35,Isle of Wight,Amy Paider,",Babyccino,0.0,,Flavoured iced latte - Vanilla,2.75,Regular,Flavoured latte - Gingerbread,2.55",CARD,5.3,"americanexpress,379585264787717"
23/02/2021 09:36,Isle of Wight,Maria Eichhorn,"Regular,Flavoured latte - Vanilla,2.55",CARD,2.55,"americanexpress,347291749782188"
23/02/2021 09:37,Isle of Wight,Rosemarie Harper,"Regular,Flavoured hot chocolate - Caramel,2.6",CARD,2.6,"visa16,4638636143558339"
23/02/2021 09:38,Isle of Wight,Scott Shaw,",Flat white,2.15",CARD,2.15,"visa13,4892839154321"
23/02/2021 09:39,Isle of Wight,Wayne Solomon,"Regular,Filter coffee,1.5",CARD,1.5,"visa13,4191994254855"
23/02/2021 09:40,Isle of Wight,Bettye Whelan,",Iced latte,2.35,,Smoothies - Berry Beautiful,2.0,Large,Latte,2.45",CASH,6.8,None
23/02/2021 09:41,Isle of Wight,Ramiro Razo,",Flavoured iced latte - Vanilla,2.75,,Speciality Tea - Earl Grey,1.3,,Frappes - Chocolate Cookie,2.75,,Flavoured iced latte - Hazelnut,2.75",CASH,9.55,None
23/02/2021 09:42,Isle of Wight,Maryam Brown,",Flavoured iced latte - Vanilla,2.75",CARD,2.75,"mastercard,5444712485417631"
23/02/2021 09:43,Isle of Wight,Leslie Hamilton,",Frappes - Strawberries & Cream,2.75,,Red Label tea,1.2,,Mocha,2.3,Regular,Latte,2.15",CASH,8.4,None
23/02/2021 09:44,Isle of Wight,Bobby Phillips,",Flavoured iced latte - Caramel,2.75,,Mocha,2.3,,Hot Chocolate,1.4,Large,Filter coffee,1.8",CASH,8.25,None
23/02/2021 09:45,Isle of Wight,Armando Myers,",Speciality Tea - English breakfast,1.3,,Flavoured iced latte - Vanilla,2.75",CASH,4.05,None
23/02/2021 09:46,Isle of Wight,Royce Cook,",Speciality Tea - Earl Grey,1.3,Large,Chai latte,2.6,,Flavoured iced latte - Caramel,2.75,Large,Flavoured latte - Caramel,2.85,,Speciality Tea - Peppermint,1.3",CASH,10.8,None
23/02/2021 09:47,Isle of Wight,Kathleen Ledoux,",Red Label tea,1.2",CARD,1.2,"americanexpress,3561549999613410"
23/02/2021 09:48,Isle of Wight,Gregory Arcangel,",Iced latte,2.35,,Babyccino,0.0,Regular,Flavoured hot chocolate - Vanilla,2.6",CASH,4.95,None
23/02/2021 09:49,Isle of Wight,Maria Eley,"Regular,Hot chocolate,2.2,,Frappes - Coffee,2.75",CASH,4.95,None
23/02/2021 09:50,Isle of Wight,Willie Hundley,"Regular,Flavoured hot chocolate - Vanilla,2.6,,Cortado,2.05,,Smoothies - Glowing Greens,2.0,,Glass of milk,0.7,Large,Flavoured latte - Hazelnut,2.85",CASH,10.2,None
23/02/2021 09:51,Isle of Wight,Dolores Oliver,",Babyccino,0.0,,Glass of milk,0.7,,Smoothies - Berry Beautiful,2.0,Large,Americano,2.25,Large,Flavoured latte - Caramel,2.85",CARD,7.8,"visa16,4137727758195362"
23/02/2021 09:52,Isle of Wight,Sheila Strahl,",Speciality Tea - Earl Grey,1.3,,Speciality Tea - English breakfast,1.3",CASH,2.6,None
23/02/2021 09:53,Isle of Wight,Debra Mclaughlin,"Regular,Cappuccino,2.15",CASH,2.15,None
23/02/2021 09:54,Isle of Wight,Stan Hughes,"Large,Latte,2.45,Large,Espresso,1.8",CASH,4.25,None
23/02/2021 09:55,Isle of Wight,Carlton Hale,",Red Label tea,1.2,Regular,Flavoured latte - Hazelnut,2.55",CASH,3.75,None
23/02/2021 09:56,Isle of Wight,Sarah Roman,",Glass of milk,0.7,,Iced latte,2.35,Regular,Hot chocolate,2.2,Large,Latte,2.45",CASH,7.7,None
23/02/2021 09:57,Isle of Wight,Teresa Rubio,",Speciality Tea - Earl Grey,1.3,Large,Filter coffee,1.8,,Frappes - Coffee,2.75",CARD,5.85,"visa16,4653688726421229"
23/02/2021 09:58,Isle of Wight,Daniel Branch,"Large,Flavoured hot chocolate - Hazelnut,2.9,Large,Cappuccino,2.45,,Speciality Tea - Green,1.3,Regular,Flavoured hot chocolate - Caramel,2.6",CARD,9.25,"visa16,4235514362176413"
23/02/2021 09:59,Isle of Wight,Mary Sutton,",Speciality Tea - Fruit,1.3,Large,Flavoured hot chocolate - Caramel,2.9,,Frappes - Strawberries & Cream,2.75,,Mocha,2.3",CASH,9.25,None
23/02/2021 10:00,Isle of Wight,Nettie Keyser,"Regular,Americano,1.95,Regular,Chai latte,2.3,,Flavoured iced latte - Caramel,2.75",CASH,7,None
23/02/2021 10:01,Isle of Wight,Thomas Schmidt,"Regular,Latte,2.15,Large,Latte,2.45,,Hot Chocolate,1.4,Large,Espresso,1.8",CARD,7.8,"visa16,4129616393671251"
23/02/2021 10:02,Isle of Wight,Jennifer Willis,",Flavoured iced latte - Caramel,2.75,,Red Label tea,1.2",CARD,3.95,"discover,6011173127334844"
23/02/2021 10:03,Isle of Wight,George Larve,"Large,Flavoured latte - Gingerbread,2.85,Regular,Latte,2.15,,Speciality Tea - Green,1.3,Large,Chai latte,2.6,,Smoothies - Berry Beautiful,2.0",CARD,10.9,"visa13,47299416416810"
23/02/2021 10:04,Isle of Wight,Carol Davis,",Speciality Tea - English breakfast,1.3,Large,Flavoured latte - Gingerbread,2.85,,Speciality Tea - Peppermint,1.3",CASH,5.45,None
23/02/2021 10:05,Isle of Wight,Anthony Rogers,",Flavoured iced latte - Vanilla,2.75,,Red Label tea,1.2,Large,Luxury hot chocolate,2.7",CASH,6.65,None
23/02/2021 10:06,Isle of Wight,William Hegyi,",Frappes - Chocolate Cookie,2.75",CARD,2.75,"americanexpress,352647949325379"
23/02/2021 10:07,Isle of Wight,Teresa Austin,"Regular,Flavoured latte - Gingerbread,2.55,Large,Americano,2.25,Large,Luxury hot chocolate,2.7",CARD,7.5,"discover,60111644914715110"
23/02/2021 10:08,Isle of Wight,Scarlett Mcmath,"Regular,Flavoured hot chocolate - Vanilla,2.6",CASH,2.6,None
23/02/2021 10:09,Isle of Wight,Barbara Swenson,",Speciality Tea - Camomile,1.3,,Iced latte,2.35",CARD,3.65,"mastercard,5398267911687873"
23/02/2021 10:10,Isle of Wight,Gerry Smith,",Speciality Tea - Fruit,1.3",CARD,1.3,"visa13,4885482894276"
23/02/2021 10:11,Isle of Wight,Jackie Cassidy,",Speciality Tea - Fruit,1.3,,Flat white,2.15",CARD,3.45,"mastercard,5168886328891196"
23/02/2021 10:12,Isle of Wight,Pearl Ray,"Regular,Americano,1.95,,Babyccino,0.0",CASH,1.95,None
23/02/2021 10:13,Isle of Wight,Lorraine Duncan,",Speciality Tea - Earl Grey,1.3,,Smoothies - Berry Beautiful,2.0",CARD,3.3,"americanexpress,365496845634459"
23/02/2021 10:14,Isle of Wight,Paul Stinnett,"Large,Flavoured latte - Hazelnut,2.85,,Speciality Tea - English breakfast,1.3,Large,Flavoured hot chocolate - Vanilla,2.9,,Mocha,2.3,Large,Flavoured hot chocolate - Hazelnut,2.9",CARD,12.25,"visa13,4993857627774"
23/02/2021 10:15,Isle of Wight,Tammy Packard,",Speciality Tea - Darjeeling,1.3",CARD,1.3,"visa13,4947739456646"
23/02/2021 10:16,Isle of Wight,Emma Lussier,",Iced americano,2.15,Large,Flavoured latte - Caramel,2.85,,Speciality Tea - English breakfast,1.3,,Cortado,2.05,,Flavoured iced latte - Vanilla,2.75",CASH,11.1,None
23/02/2021 10:17,Isle of Wight,Kimberli Nichols,",Frappes - Coffee,2.75,,Smoothies - Carrot Kick,2.0,,Smoothies - Berry Beautiful,2.0,Regular,Hot chocolate,2.2",CASH,8.95,None
23/02/2021 10:18,Isle of Wight,Shirley Sumners,"Large,Americano,2.25,,Flat white,2.15,Regular,Cappuccino,2.15,,Flavoured iced latte - Vanilla,2.75,,Flavoured iced latte - Vanilla,2.75",CARD,12.05,"mastercard,53265543958938710"
23/02/2021 10:19,Isle of Wight,Clara Cruz,"Large,Flavoured hot chocolate - Hazelnut,2.9",CARD,2.9,"visa16,4862184424779826"
23/02/2021 10:20,Isle of Wight,James Donohoe,",Speciality Tea - Camomile,1.3,,Speciality Tea - Peppermint,1.3,Large,Flavoured hot chocolate - Hazelnut,2.9,,Speciality Tea - English breakfast,1.3,Large,Filter coffee,1.8",CASH,8.6,None
23/02/2021 10:21,Isle of Wight,Tiffany Nguyen,",Babyccino,0.0",CASH,0,None
23/02/2021 10:22,Isle of Wight,Catherine Wilkins,",Speciality Tea - Darjeeling,1.3,Large,Espresso,1.8,,Frappes - Chocolate Cookie,2.75,Large,Filter coffee,1.8,,Flavoured iced latte - Vanilla,2.75",CASH,10.4,None
23/02/2021 10:23,Isle of Wight,Julius Brice,"Large,Flavoured latte - Gingerbread,2.85,,Flavoured iced latte - Hazelnut,2.75,,Glass of milk,0.7,Regular,Flavoured hot chocolate - Vanilla,2.6",CASH,8.9,None
23/02/2021 10:24,Isle of Wight,Laura Rankin,",Flat white,2.15",CARD,2.15,"americanexpress,374145771876936"
23/02/2021 10:25,Isle of Wight,Richard Timberlake,",Flavoured iced latte - Hazelnut,2.75,Large,Cappuccino,2.45",CARD,5.2,"visa16,4341674899789368"
23/02/2021 10:26,Isle of Wight,Robert Torres,"Large,Flavoured hot chocolate - Vanilla,2.9,,Hot Chocolate,1.4,Large,Filter coffee,1.8,,Frappes - Strawberries & Cream,2.75",CASH,8.85,None
23/02/2021 10:27,Isle of Wight,Jude Webb,"Large,Hot chocolate,2.9",CARD,2.9,"visa16,4242722354335522"
23/02/2021 10:28,Isle of Wight,Paulette Haynes,",Speciality Tea - Fruit,1.3",CARD,1.3,"visa13,4841698434324"
23/02/2021 10:29,Isle of Wight,Christopher Morales,",Red Label tea,1.2,,Babyccino,0.0,,Frappes - Chocolate Cookie,2.75,,Red Label tea,1.2,,Glass of milk,0.7",CASH,5.85,None
23/02/2021 10:30,Isle of Wight,James Robertson,",Speciality Tea - Camomile,1.3,,Cortado,2.05,,Frappes - Strawberries & Cream,2.75,,Flavoured iced latte - Hazelnut,2.75",CASH,8.85,None
23/02/2021 10:31,Isle of Wight,Mary Cannon,"Large,Filter coffee,1.8,Large,Americano,2.25,,Speciality Tea - Darjeeling,1.3",CASH,5.35,None
23/02/2021 10:32,Isle of Wight,Lorraine Preston,",Babyccino,0.0,Large,Americano,2.25,Regular,Filter coffee,1.5,Regular,Chai latte,2.3",CARD,6.05,"visa16,4341441564547913"
23/02/2021 10:33,Isle of Wight,Jo Quirin,"Large,Flavoured latte - Vanilla,2.85,,Smoothies - Carrot Kick,2.0,Large,Latte,2.45",CARD,7.3,"mastercard,5342597877888777"
23/02/2021 10:34,Isle of Wight,John Jones,",Speciality Tea - Peppermint,1.3,,Red Label tea,1.2",CASH,2.5,None
23/02/2021 10:35,Isle of Wight,Lindsey Newman,"Large,Hot chocolate,2.9,,Hot Chocolate,1.4,Large,Espresso,1.8",CARD,6.1,"mastercard,5314689575845763"
23/02/2021 10:36,Isle of Wight,Carolyn Knepp,",Speciality Tea - Green,1.3,Large,Flavoured latte - Vanilla,2.85,Large,Flavoured hot chocolate - Caramel,2.9,Large,Flavoured hot chocolate - Vanilla,2.9",CARD,9.95,"visa16,4791289724977974"
23/02/2021 10:37,Isle of Wight,Kelly Jaegers,"Large,Americano,2.25",CASH,2.25,None
23/02/2021 10:38,Isle of Wight,Thea Guthrie,",Smoothies - Berry Beautiful,2.0",CARD,2,"americanexpress,367927662397224"
23/02/2021 10:39,Isle of Wight,Richard Batchelder,",Frappes - Chocolate Cookie,2.75,,Flat white,2.15",CASH,4.9,None
23/02/2021 10:40,Isle of Wight,Doris Mccray,",Frappes - Coffee,2.75,Regular,Flavoured latte - Vanilla,2.55",CASH,5.3,None
23/02/2021 10:41,Isle of Wight,Robert Mountain,"Large,Latte,2.45,Large,Americano,2.25,Large,Americano,2.25,,Flavoured iced latte - Hazelnut,2.75,Large,Flavoured latte - Caramel,2.85",CARD,12.55,"visa16,4892386464931126"
23/02/2021 10:42,Isle of Wight,Laura Richardson,",Speciality Tea - English breakfast,1.3,,Flavoured iced latte - Hazelnut,2.75,Regular,Flavoured hot chocolate - Caramel,2.6,,Smoothies - Carrot Kick,2.0,,Mocha,2.3",CARD,10.95,"visa13,4713947251595"
23/02/2021 10:43,Isle of Wight,Ramon Krapp,",Speciality Tea - Earl Grey,1.3,,Flat white,2.15,Regular,Espresso,1.5,,Frappes - Coffee,2.75,,Flavoured iced latte - Hazelnut,2.75",CASH,10.45,None
23/02/2021 10:44,Isle of Wight,Renee Monday,",Mocha,2.3,,Speciality Tea - Earl Grey,1.3,,Smoothies - Berry Beautiful,2.0",CASH,5.6,None
23/02/2021 10:45,Isle of Wight,Frances Rogal,"Regular,Cappuccino,2.15,,Flavoured iced latte - Vanilla,2.75",CARD,4.9,"mastercard,5142495534796289"
23/02/2021 10:46,Isle of Wight,Penny Lim,"Regular,Americano,1.95",CASH,1.95,None
23/02/2021 10:47,Isle of Wight,Jeffrey Williams,",Speciality Tea - Fruit,1.3",CASH,1.3,None
23/02/2021 10:48,Isle of Wight,Brett Fowler,",Glass of milk,0.7,,Speciality Tea - English breakfast,1.3",CARD,2,"visa13,4618377739185"
23/02/2021 10:49,Isle of Wight,Claire Garcia,"Large,Flavoured hot chocolate - Vanilla,2.9",CARD,2.9,"visa16,4211746936727945"
23/02/2021 10:50,Isle of Wight,Lakisha Thomas,",Frappes - Chocolate Cookie,2.75",CARD,2.75,"visa16,4573845593564856"
23/02/2021 10:51,Isle of Wight,Tiffany Littlejohn,",Speciality Tea - Camomile,1.3,Large,Flavoured hot chocolate - Caramel,2.9,,Speciality Tea - English breakfast,1.3,Large,Flavoured hot chocolate - Caramel,2.9",CARD,8.4,"americanexpress,3654811818279910"
23/02/2021 10:52,Isle of Wight,Lillian Fratus,"Large,Flavoured latte - Gingerbread,2.85,Large,Chai latte,2.6,,Speciality Tea - Fruit,1.3",CASH,6.75,None
23/02/2021 10:53,Isle of Wight,Monica Breitenbach,",Frappes - Strawberries & Cream,2.75,,Frappes - Coffee,2.75",CARD,5.5,"americanexpress,372826346611385"
23/02/2021 10:54,Isle of Wight,Lawrence Hodge,",Flavoured iced latte - Caramel,2.75,Large,Flavoured latte - Hazelnut,2.85,,Babyccino,0.0,Large,Espresso,1.8,Regular,Flavoured hot chocolate - Caramel,2.6",CARD,10,"visa16,4263126462453835"
23/02/2021 10:55,Isle of Wight,William Colbert,"Regular,Flavoured latte - Hazelnut,2.55,Large,Flavoured latte - Gingerbread,2.85",CARD,5.4,"discover,6011156856112598"
23/02/2021 10:56,Isle of Wight,Patrina Silkwood,",Frappes - Strawberries & Cream,2.75",CASH,2.75,None
23/02/2021 10:57,Isle of Wight,Amy Oller,"Regular,Filter coffee,1.5,Large,Chai latte,2.6,,Frappes - Strawberries & Cream,2.75,,Flavoured iced latte - Hazelnut,2.75,,Speciality Tea - Camomile,1.3",CASH,10.9,None
23/02/2021 10:58,Isle of Wight,Jennifer Hollingsworth,"Regular,Latte,2.15,Large,Americano,2.25,,Frappes - Strawberries & Cream,2.75",CARD,7.15,"visa16,4751478654921874"
23/02/2021 10:59,Isle of Wight,Melvin Thomas,",Speciality Tea - Darjeeling,1.3,,Frappes - Strawberries & Cream,2.75,Large,Filter coffee,1.8",CASH,5.85,None
23/02/2021 11:00,Isle of Wight,Mary Dermody,",Frappes - Chocolate Cookie,2.75,Large,Filter coffee,1.8,Regular,Latte,2.15,,Flavoured iced latte - Hazelnut,2.75,Regular,Latte,2.15",CARD,11.6,"mastercard,5344844655229958"
23/02/2021 11:01,Isle of Wight,Phillip Dyer,"Large,Latte,2.45,,Flavoured iced latte - Hazelnut,2.75,Large,Flavoured hot chocolate - Hazelnut,2.9,,Smoothies - Carrot Kick,2.0,Large,Americano,2.25",CARD,12.35,"mastercard,5567129329857693"
23/02/2021 11:02,Isle of Wight,Michael Kelly,",Speciality Tea - Green,1.3,,Iced americano,2.15,,Flat white,2.15,,Iced latte,2.35,,Speciality Tea - Peppermint,1.3",CASH,9.25,None
23/02/2021 11:03,Isle of Wight,Faye Hernandez,"Regular,Filter coffee,1.5,Large,Americano,2.25,Regular,Flavoured latte - Caramel,2.55",CASH,6.3,None
23/02/2021 11:04,Isle of Wight,Mary Soto,",Speciality Tea - Green,1.3,,Speciality Tea - Darjeeling,1.3,Large,Flavoured latte - Gingerbread,2.85",CASH,5.45,None
23/02/2021 11:05,Isle of Wight,Clinton Cornelius,",Flat white,2.15,,Frappes - Coffee,2.75",CASH,4.9,None
23/02/2021 11:06,Isle of Wight,Rosie Espinosa,",Mocha,2.3,,Speciality Tea - English breakfast,1.3,,Glass of milk,0.7,,Cortado,2.05,,Speciality Tea - Camomile,1.3",CARD,7.65,"visa16,4896238882159143"
23/02/2021 11:07,Isle of Wight,Amanda Cichowski,"Large,Latte,2.45,,Mocha,2.3,,Red Label tea,1.2",CARD,5.95,"discover,6011474358775378"
23/02/2021 11:08,Isle of Wight,Stuart Poux,",Iced americano,2.15,Regular,Americano,1.95,Large,Flavoured latte - Gingerbread,2.85",CARD,6.95,"visa16,4523997511565555"
23/02/2021 11:09,Isle of Wight,Judith Kohl,"Large,Americano,2.25,,Glass of milk,0.7,,Speciality Tea - Fruit,1.3,,Flavoured iced latte - Caramel,2.75",CASH,7,None
23/02/2021 11:10,Isle of Wight,Robert Monzon,"Regular,Flavoured latte - Caramel,2.55,,Flavoured iced latte - Caramel,2.75,Large,Flavoured latte - Gingerbread,2.85,,Speciality Tea - English breakfast,1.3,,Babyccino,0.0",CARD,9.45,"discover,6011795395926412"
23/02/2021 11:11,Isle of Wight,Thomas Butler,"Large,Flavoured latte - Hazelnut,2.85,Regular,Hot chocolate,2.2,,Smoothies - Carrot Kick,2.0",CARD,7.05,"visa13,45867532128310"
23/02/2021 11:12,Isle of Wight,Anita Rencher,"Regular,Hot chocolate,2.2,,Frappes - Chocolate Cookie,2.75,,Speciality Tea - English breakfast,1.3,Large,Americano,2.25",CARD,8.5,"americanexpress,358589515184968"
23/02/2021 11:13,Isle of Wight,Charles Jacobsen,",Speciality Tea - Camomile,1.3,Large,Latte,2.45,,Hot Chocolate,1.4,Large,Flavoured latte - Gingerbread,2.85,Large,Americano,2.25",CARD,10.25,"visa13,4831757469451"
23/02/2021 11:14,Isle of Wight,Tony Scott,",Smoothies - Carrot Kick,2.0,,Flavoured iced latte - Caramel,2.75,Regular,Flavoured latte - Gingerbread,2.55",CASH,7.3,None
23/02/2021 11:15,Isle of Wight,John Monachino,",Speciality Tea - Fruit,1.3,,Speciality Tea - Earl Grey,1.3",CASH,2.6,None
23/02/2021 11:16,Isle of Wight,Sharon Goad,"Large,Flavoured latte - Vanilla,2.85,,Speciality Tea - Peppermint,1.3,,Smoothies - Berry Beautiful,2.0,,Frappes - Coffee,2.75,,Flat white,2.15",CASH,11.05,None
23/02/2021 11:17,Isle of Wight,Linda Young,",Speciality Tea - Fruit,1.3,,Smoothies - Carrot Kick,2.0,,Speciality Tea - Green,1.3",CASH,4.6,None
23/02/2021 11:18,Isle of Wight,Genia Wright,"Regular,Latte,2.15,,Mocha,2.3,Large,Hot chocolate,2.9,Regular,Flavoured hot chocolate - Hazelnut,2.6",CARD,9.95,"mastercard,5421721488833295"
23/02/2021 11:19,Isle of Wight,Toby Dickie,",Mocha,2.3",CARD,2.3,"visa16,47983467482136710"
23/02/2021 11:20,Isle of Wight,Suzanne Miller,",Iced americano,2.15,,Cortado,2.05,,Speciality Tea - Peppermint,1.3,,Flavoured iced latte - Vanilla,2.75,Large,Chai latte,2.6",CARD,10.85,"visa13,49768554964910"
23/02/2021 11:21,Isle of Wight,Autumn Wilson,",Iced americano,2.15,Large,Latte,2.45",CARD,4.6,"visa16,4946361213982668"
23/02/2021 11:22,Isle of Wight,Talia Polly,"Regular,Flavoured latte - Hazelnut,2.55",CASH,2.55,None
23/02/2021 11:23,Isle of Wight,Solomon Mcdonald,"Large,Cappuccino,2.45,Large,Americano,2.25",CARD,4.7,"visa13,4381637394933"
23/02/2021 11:24,Isle of Wight,Anthony Timmerman,",Smoothies - Berry Beautiful,2.0,,Frappes - Chocolate Cookie,2.75",CASH,4.75,None
23/02/2021 11:25,Isle of Wight,Esther Pope,",Red Label tea,1.2,,Flat white,2.15,,Speciality Tea - English breakfast,1.3",CARD,4.65,"mastercard,5338938816181781"
23/02/2021 11:26,Isle of Wight,Ressie Miller,",Smoothies - Carrot Kick,2.0",CASH,2,None
23/02/2021 11:27,Isle of Wight,John Wilson,"Regular,Latte,2.15",CARD,2.15,"discover,6011312582663566"
23/02/2021 11:28,Isle of Wight,Joanne Kimmerle,"Large,Americano,2.25",CASH,2.25,None
23/02/2021 11:29,Isle of Wight,Sherry Rung,",Speciality Tea - Camomile,1.3",CARD,1.3,"americanexpress,347562164165459"
23/02/2021 11:30,Isle of Wight,Jimmy Stancil,"Large,Americano,2.25,Regular,Chai latte,2.3,,Mocha,2.3",CASH,6.85,None
23/02/2021 11:31,Isle of Wight,Chris Morris,",Speciality Tea - Earl Grey,1.3,Large,Americano,2.25,,Smoothies - Glowing Greens,2.0,Regular,Latte,2.15,,Iced latte,2.35",CARD,10.05,"americanexpress,366953186434286"
23/02/2021 11:32,Isle of Wight,Timothy Tarver,"Large,Flavoured latte - Hazelnut,2.85,Large,Latte,2.45,,Babyccino,0.0,,Speciality Tea - Green,1.3",CARD,6.6,"mastercard,5155365951162832"
23/02/2021 11:33,Isle of Wight,Georgia Vanwassenhove,",Speciality Tea - Earl Grey,1.3",CASH,1.3,None
23/02/2021 11:34,Isle of Wight,Lola Hernandez,"Large,Flavoured hot chocolate - Hazelnut,2.9",CARD,2.9,"visa13,4295873435681"
23/02/2021 11:35,Isle of Wight,Jacqueline Respress,",Babyccino,0.0,,Smoothies - Carrot Kick,2.0,,Flavoured iced latte - Caramel,2.75,Regular,Filter coffee,1.5",CARD,6.25,"visa16,4194967676388828"
23/02/2021 11:36,Isle of Wight,Sarah Cronk,",Speciality Tea - Camomile,1.3,Large,Flavoured hot chocolate - Caramel,2.9,Regular,Cappuccino,2.15",CARD,6.35,"visa16,4645324861175336"
23/02/2021 11:37,Isle of Wight,Cheryl Goicoechea,"Large,Chai latte,2.6,,Glass of milk,0.7",CASH,3.3,None
23/02/2021 11:38,Isle of Wight,Kenneth Stanphill,",Smoothies - Carrot Kick,2.0,,Speciality Tea - English breakfast,1.3",CARD,3.3,"visa16,44359269429186510"
23/02/2021 11:39,Isle of Wight,Kimberly Ramirez,"Large,Flavoured hot chocolate - Caramel,2.9",CASH,2.9,None
23/02/2021 11:40,Isle of Wight,Joshua Young,",Speciality Tea - Green,1.3,,Flavoured iced latte - Hazelnut,2.75,Large,Cappuccino,2.45",CASH,6.5,None
23/02/2021 11:41,Isle of Wight,Patricia Stembridge,"Regular,Latte,2.15,Large,Cappuccino,2.45",CASH,4.6,None
23/02/2021 11:42,Isle of Wight,Timothy Martinez,",Speciality Tea - Darjeeling,1.3",CARD,1.3,"americanexpress,372745151161783"
23/02/2021 11:43,Isle of Wight,John Wilson,",Iced latte,2.35,,Speciality Tea - Green,1.3,,Flavoured iced latte - Vanilla,2.75",CARD,6.4,"americanexpress,365932739286394"
23/02/2021 11:44,Isle of Wight,James Franco,"Large,Americano,2.25",CASH,2.25,None
23/02/2021 11:45,Isle of Wight,Anne House,"Large,Latte,2.45,,Flavoured iced latte - Hazelnut,2.75",CASH,5.2,None
23/02/2021 11:46,Isle of Wight,Michael Mathis,",Speciality Tea - Darjeeling,1.3,Large,Cappuccino,2.45,,Speciality Tea - Darjeeling,1.3",CASH,5.05,None
23/02/2021 11:47,Isle of Wight,Roy Sales,",Speciality Tea - Camomile,1.3,,Speciality Tea - English breakfast,1.3,,Smoothies - Glowing Greens,2.0",CASH,4.6,None
23/02/2021 11:48,Isle of Wight,Maria Viviani,",Flavoured iced latte - Vanilla,2.75,,Smoothies - Glowing Greens,2.0,,Smoothies - Glowing Greens,2.0,Large,Flavoured latte - Caramel,2.85,Large,Flavoured latte - Hazelnut,2.85",CASH,12.45,None
23/02/2021 11:49,Isle of Wight,Shirley Humphrey,",Flat white,2.15,Large,Latte,2.45,,Speciality Tea - Green,1.3",CARD,5.9,"visa16,4297474136358687"
23/02/2021 11:50,Isle of Wight,Robert Downes,",Speciality Tea - Camomile,1.3,Regular,Cappuccino,2.15",CASH,3.45,None
23/02/2021 11:51,Isle of Wight,Eva Riggs,",Cortado,2.05,,Red Label tea,1.2,,Cortado,2.05,Large,Flavoured latte - Gingerbread,2.85,,Red Label tea,1.2",CASH,9.35,None
23/02/2021 11:52,Isle of Wight,Paul Uutela,"Regular,Flavoured latte - Vanilla,2.55,Regular,Flavoured latte - Vanilla,2.55,Large,Flavoured hot chocolate - Hazelnut,2.9,,Speciality Tea - English breakfast,1.3",CASH,9.3,None
23/02/2021 11:53,Isle of Wight,Anthony Gould,"Regular,Filter coffee,1.5,,Cortado,2.05,,Frappes - Chocolate Cookie,2.75",CASH,6.3,None
23/02/2021 11:54,Isle of Wight,Joan Golden,"Large,Americano,2.25",CARD,2.25,"visa16,4637491223974993"
23/02/2021 11:55,Isle of Wight,Jennifer Sutton,"Regular,Flavoured latte - Gingerbread,2.55,,Smoothies - Berry Beautiful,2.0,,Iced latte,2.35",CARD,6.9,"visa16,44121498476183110"
23/02/2021 11:56,Isle of Wight,Donald Beck,"Regular,Cappuccino,2.15,,Speciality Tea - English breakfast,1.3,Large,Flavoured hot chocolate - Vanilla,2.9,,Smoothies - Berry Beautiful,2.0,,Glass of milk,0.7",CASH,9.05,None
23/02/2021 11:57,Isle of Wight,Graig Lane,",Iced americano,2.15,,Frappes - Strawberries & Cream,2.75,,Speciality Tea - English breakfast,1.3,Large,Filter coffee,1.8,Large,Espresso,1.8",CARD,9.8,"discover,6011564713578861"
23/02/2021 11:58,Isle of Wight,Helen Frascone,",Babyccino,0.0,Large,Americano,2.25,,Babyccino,0.0,Large,Flavoured latte - Vanilla,2.85",CASH,5.1,None
23/02/2021 11:59,Isle of Wight,Lola Keyser,",Frappes - Coffee,2.75,Large,Americano,2.25,,Hot Chocolate,1.4,,Flavoured iced latte - Hazelnut,2.75,,Speciality Tea - Earl Grey,1.3",CASH,10.45,None
23/02/2021 12:00,Isle of Wight,Kasey Elwood,"Large,Cappuccino,2.45",CARD,2.45,"discover,6011585819325279"
23/02/2021 12:01,Isle of Wight,Travis Fernandez,"Large,Flavoured latte - Gingerbread,2.85,,Speciality Tea - Peppermint,1.3,,Speciality Tea - Camomile,1.3,,Speciality Tea - Camomile,1.3",CARD,6.75,"mastercard,5312342549153615"
23/02/2021 12:02,Isle of Wight,Adrian Martin,",Flavoured iced latte - Hazelnut,2.75,,Iced americano,2.15",CARD,4.9,"americanexpress,366564263513841"
23/02/2021 12:03,Isle of Wight,William Brown,"Large,Filter coffee,1.8",CASH,1.8,None
23/02/2021 12:04,Isle of Wight,Mario Key,"Large,Americano,2.25",CARD,2.25,"americanexpress,355461876596946"
23/02/2021 12:05,Isle of Wight,Craig Mccarty,",Speciality Tea - Darjeeling,1.3,,Smoothies - Berry Beautiful,2.0,,Glass of milk,0.7,,Flavoured iced latte - Hazelnut,2.75,,Mocha,2.3",CARD,9.05,"visa13,4583818643331"
23/02/2021 12:06,Isle of Wight,Alma Dunn,",Glass of milk,0.7,,Speciality Tea - Green,1.3",CARD,2,"mastercard,55274271527163110"
23/02/2021 12:07,Isle of Wight,Gene Marshall,",Speciality Tea - Peppermint,1.3,,Red Label tea,1.2,,Hot Chocolate,1.4",CASH,3.9,None
23/02/2021 12:08,Isle of Wight,Howard Day,",Frappes - Coffee,2.75,Large,Latte,2.45,,Speciality Tea - Green,1.3,,Flat white,2.15",CASH,8.65,None
23/02/2021 12:09,Isle of Wight,Rex Klein,"Large,Flavoured hot chocolate - Caramel,2.9",CARD,2.9,"discover,6011362792873448"
23/02/2021 12:10,Isle of Wight,Mary Prattis,"Regular,Luxury hot chocolate,2.4,Large,Flavoured latte - Vanilla,2.85,Regular,Flavoured latte - Hazelnut,2.55",CASH,7.8,None
23/02/2021 12:11,Isle of Wight,Ethel Macdonald,"Regular,Luxury hot chocolate,2.4,,Hot Chocolate,1.4,,Smoothies - Berry Beautiful,2.0",CARD,5.8,"discover,6011264797851488"
23/02/2021 12:12,Isle of Wight,Yukiko Small,",Speciality Tea - English breakfast,1.3,,Flavoured iced latte - Vanilla,2.75,Regular,Hot chocolate,2.2",CARD,6.25,"mastercard,5219195854252776"
23/02/2021 12:13,Isle of Wight,Bill Anderson,"Large,Cappuccino,2.45,,Iced latte,2.35,,Frappes - Coffee,2.75",CASH,7.55,None
23/02/2021 12:14,Isle of Wight,Brett Smith,"Large,Espresso,1.8,,Frappes - Chocolate Cookie,2.75",CASH,4.55,None
23/02/2021 12:15,Isle of Wight,Amy Hartrick,",Hot Chocolate,1.4",CARD,1.4,"americanexpress,369979826796575"
23/02/2021 12:16,Isle of Wight,Wm Powe,",Speciality Tea - Darjeeling,1.3",CASH,1.3,None
23/02/2021 12:17,Isle of Wight,Otelia Warren,"Regular,Flavoured hot chocolate - Hazelnut,2.6,,Speciality Tea - Earl Grey,1.3",CASH,3.9,None
23/02/2021 12:18,Isle of Wight,Michael Bates,",Frappes - Chocolate Cookie,2.75",CARD,2.75,"visa13,4967897591471"
23/02/2021 12:19,Isle of Wight,Malissa Ali,",Speciality Tea - Green,1.3,,Flavoured iced latte - Caramel,2.75",CASH,4.05,None
23/02/2021 12:20,Isle of Wight,Rita Boatright,",Flavoured iced latte - Hazelnut,2.75,,Speciality Tea - Darjeeling,1.3,,Red Label tea,1.2",CASH,5.25,None
23/02/2021 12:21,Isle of Wight,Von Peets,",Hot Chocolate,1.4",CASH,1.4,None
23/02/2021 12:22,Isle of Wight,Joshua Hughes,",Flavoured iced latte - Hazelnut,2.75,Large,Flavoured hot chocolate - Hazelnut,2.9,,Mocha,2.3",CASH,7.95,None
23/02/2021 12:23,Isle of Wight,Genevieve Alejos,",Hot Chocolate,1.4,Large,Flavoured hot chocolate - Caramel,2.9,,Red Label tea,1.2,,Frappes - Chocolate Cookie,2.75",CASH,8.25,None
23/02/2021 12:24,Isle of Wight,Crystal Kiser,",Flavoured iced latte - Hazelnut,2.75,,Speciality Tea - Earl Grey,1.3",CARD,4.05,"discover,6011832995836871"
23/02/2021 12:25,Isle of Wight,Maxine Porter,"Large,Chai latte,2.6,,Smoothies - Carrot Kick,2.0,Large,Flavoured latte - Vanilla,2.85",CASH,7.45,None
23/02/2021 12:26,Isle of Wight,Joyce Oskins,",Flavoured iced latte - Caramel,2.75,,Iced americano,2.15,,Speciality Tea - English breakfast,1.3,Regular,Americano,1.95",CASH,8.15,None
23/02/2021 12:27,Isle of Wight,James Kolinski,",Frappes - Chocolate Cookie,2.75,,Smoothies - Carrot Kick,2.0,Regular,Espresso,1.5,Large,Flavoured latte - Hazelnut,2.85",CASH,9.1,None
23/02/2021 12:28,Isle of Wight,Karen Lawrence,"Large,Flavoured latte - Caramel,2.85",CASH,2.85,None
23/02/2021 12:29,Isle of Wight,James Babb,"Large,Flavoured latte - Caramel,2.85,Regular,Americano,1.95,Regular,Flavoured hot chocolate - Hazelnut,2.6",CARD,7.4,"americanexpress,374341556793731"
23/02/2021 12:30,Isle of Wight,Kathryn Hernandez,"Large,Luxury hot chocolate,2.7",CASH,2.7,None
23/02/2021 12:31,Isle of Wight,Ralph Bowman,"Regular,Flavoured latte - Vanilla,2.55",CARD,2.55,"visa16,49922848745615510"
23/02/2021 12:32,Isle of Wight,Maria Berlinger,",Smoothies - Glowing Greens,2.0,Large,Flavoured latte - Vanilla,2.85,,Red Label tea,1.2",CASH,6.05,None
23/02/2021 12:33,Isle of Wight,Todd Ross,"Large,Filter coffee,1.8",CASH,1.8,None
23/02/2021 12:34,Isle of Wight,Marcia Adams,"Large,Flavoured latte - Caramel,2.85",CASH,2.85,None
23/02/2021 12:35,Isle of Wight,Thurman Jordon,",Iced americano,2.15,Large,Flavoured latte - Vanilla,2.85,Large,Flavoured latte - Vanilla,2.85,,Mocha,2.3",CARD,10.15,"americanexpress,347354123183744"
23/02/2021 12:36,Isle of Wight,Heather Bradwell,"Regular,Latte,2.15,,Frappes - Strawberries & Cream,2.75,,Speciality Tea - Earl Grey,1.3",CARD,6.2,"visa16,4482379124937845"
23/02/2021 12:37,Isle of Wight,Ruby Hall,"Large,Latte,2.45,Large,Americano,2.25,,Hot Chocolate,1.4",CARD,6.1,"mastercard,5138126693842442"
23/02/2021 12:38,Isle of Wight,Pete Craig,",Cortado,2.05,,Flavoured iced latte - Caramel,2.75,,Speciality Tea - Peppermint,1.3,,Smoothies - Berry Beautiful,2.0",CASH,8.1,None
23/02/2021 12:39,Isle of Wight,Robert Winsor,"Large,Flavoured hot chocolate - Caramel,2.9",CASH,2.9,None
23/02/2021 12:40,Isle of Wight,Walter Blackwelder,",Frappes - Coffee,2.75,Large,Hot chocolate,2.9,,Flavoured iced latte - Hazelnut,2.75",CARD,8.4,"visa16,4863186981211571"
23/02/2021 12:41,Isle of Wight,Carmen Jensen,"Large,Espresso,1.8,Large,Filter coffee,1.8,,Iced latte,2.35,Regular,Flavoured hot chocolate - Caramel,2.6",CASH,8.55,None
23/02/2021 12:42,Isle of Wight,Terry Connell,",Iced americano,2.15",CARD,2.15,"visa13,4414192664141"
23/02/2021 12:43,Isle of Wight,Raymond Shalash,",Iced americano,2.15,,Smoothies - Berry Beautiful,2.0,Large,Chai latte,2.6,,Speciality Tea - Green,1.3,,Cortado,2.05",CASH,10.1,None
23/02/2021 12:44,Isle of Wight,Dolores Clute,",Smoothies - Berry Beautiful,2.0,Regular,Americano,1.95",CASH,3.95,None
23/02/2021 12:45,Isle of Wight,Steve Auckerman,"Large,Flavoured hot chocolate - Caramel,2.9,Regular,Latte,2.15,,Mocha,2.3",CASH,7.35,None
23/02/2021 12:46,Isle of Wight,William Birks,",Cortado,2.05,,Cortado,2.05,Large,Filter coffee,1.8,Regular,Flavoured latte - Hazelnut,2.55",CASH,8.45,None
23/02/2021 12:47,Isle of Wight,Wanda Gammon,"Large,Americano,2.25",CARD,2.25,"americanexpress,353412137287645"
23/02/2021 12:48,Isle of Wight,Sonia Winfrey,",Speciality Tea - Fruit,1.3,Large,Filter coffee,1.8",CARD,3.1,"americanexpress,354744325363153"
23/02/2021 12:49,Isle of Wight,Charlott Germain,",Babyccino,0.0,,Flat white,2.15,,Mocha,2.3,,Smoothies - Berry Beautiful,2.0",CASH,6.45,None
23/02/2021 12:50,Isle of Wight,Carl Tichenor,",Flat white,2.15,,Flavoured iced latte - Caramel,2.75,,Flavoured iced latte - Vanilla,2.75",CASH,7.65,None
23/02/2021 12:51,Isle of Wight,Bill Lebarron,",Flavoured iced latte - Vanilla,2.75,Regular,Flavoured latte - Caramel,2.55,,Speciality Tea - Peppermint,1.3,Large,Hot chocolate,2.9",CARD,9.5,"visa16,4742137451679729"
23/02/2021 12:52,Isle of Wight,Tanya Lasalle,",Flat white,2.15,,Frappes - Coffee,2.75,Regular,Flavoured latte - Hazelnut,2.55",CARD,7.45,"discover,6011865574512273"
23/02/2021 12:53,Isle of Wight,Amy Clark,"Large,Espresso,1.8,Large,Flavoured latte - Gingerbread,2.85,,Flavoured iced latte - Caramel,2.75,,Frappes - Chocolate Cookie,2.75,,Speciality Tea - Peppermint,1.3",CASH,11.45,None
23/02/2021 12:54,Isle of Wight,Darla Stokley,",Hot Chocolate,1.4,,Speciality Tea - Peppermint,1.3",CASH,2.7,None
23/02/2021 12:55,Isle of Wight,Wesley Nair,"Regular,Flavoured hot chocolate - Caramel,2.6,,Flat white,2.15,,Speciality Tea - Fruit,1.3,Regular,Chai latte,2.3,,Babyccino,0.0",CARD,8.35,"visa13,4579363243485"
23/02/2021 12:56,Isle of Wight,Katherine Morter,",Smoothies - Carrot Kick,2.0",CARD,2,"discover,6011514283545188"
23/02/2021 12:57,Isle of Wight,Raymond Stribley,",Hot Chocolate,1.4,,Frappes - Strawberries & Cream,2.75",CASH,4.15,None
23/02/2021 12:58,Isle of Wight,Maxine Otis,"Large,Americano,2.25",CARD,2.25,"americanexpress,346117167916662"
23/02/2021 12:59,Isle of Wight,Larry White,",Flavoured iced latte - Hazelnut,2.75,,Speciality Tea - Darjeeling,1.3,,Glass of milk,0.7,,Iced latte,2.35",CARD,7.1,"visa13,4993923837944"
23/02/2021 13:00,Isle of Wight,Doris Roper,",Frappes - Chocolate Cookie,2.75,,Speciality Tea - Green,1.3",CARD,4.05,"visa16,4547311293318229"
23/02/2021 13:01,Isle of Wight,Dorothy Morales,"Regular,Filter coffee,1.5,Large,Flavoured latte - Caramel,2.85,,Babyccino,0.0,Regular,Flavoured hot chocolate - Hazelnut,2.6,,Speciality Tea - Darjeeling,1.3",CARD,8.25,"mastercard,5424923425362845"
23/02/2021 13:02,Isle of Wight,Terrence Gallant,",Speciality Tea - Darjeeling,1.3,,Flat white,2.15,,Cortado,2.05,,Babyccino,0.0",CARD,5.5,"americanexpress,344195483398999"
23/02/2021 13:03,Isle of Wight,Joseph Martin,",Frappes - Coffee,2.75,Large,Latte,2.45,Large,Luxury hot chocolate,2.7,,Flavoured iced latte - Caramel,2.75,Regular,Hot chocolate,2.2",CARD,12.85,"visa16,4846424446237945"
23/02/2021 13:04,Isle of Wight,Anne Daily,",Red Label tea,1.2",CASH,1.2,None
23/02/2021 13:05,Isle of Wight,Amy Adams,"Regular,Filter coffee,1.5",CASH,1.5,None
23/02/2021 13:06,Isle of Wight,Melissa Taylor,"Large,Americano,2.25,,Red Label tea,1.2",CARD,3.45,"americanexpress,353323345356991"
23/02/2021 13:07,Isle of Wight,Thomas Johnson,"Regular,Flavoured hot chocolate - Vanilla,2.6,Regular,Latte,2.15,,Speciality Tea - Peppermint,1.3",CARD,6.05,"discover,6011971477879296"
23/02/2021 13:08,Isle of Wight,Allen Wade,",Flavoured iced latte - Hazelnut,2.75,Regular,Espresso,1.5,Large,Flavoured hot chocolate - Vanilla,2.9,Large,Americano,2.25,,Flavoured iced latte - Vanilla,2.75",CARD,12.15,"visa13,4538956274828"
23/02/2021 13:09,Isle of Wight,Michael Hartley,"Regular,Flavoured latte - Vanilla,2.55,,Iced latte,2.35,Large,Luxury hot chocolate,2.7,Regular,Hot chocolate,2.2,Large,Latte,2.45",CASH,12.25,None
23/02/2021 13:10,Isle of Wight,Bettye Watkins,",Speciality Tea - Green,1.3,,Speciality Tea - Green,1.3",CASH,2.6,None
23/02/2021 13:11,Isle of Wight,Audra Herrera,"Regular,Chai latte,2.3",CASH,2.3,None
23/02/2021 13:12,Isle of Wight,Elizabeth Sorum,",Flavoured iced latte - Caramel,2.75,,Flavoured iced latte - Hazelnut,2.75,Regular,Flavoured latte - Hazelnut,2.55",CARD,8.05,"visa16,47947846873141710"
23/02/2021 13:13,Isle of Wight,Mary Stroope,"Large,Chai latte,2.6,,Frappes - Chocolate Cookie,2.75,,Speciality Tea - Earl Grey,1.3,Large,Flavoured latte - Caramel,2.85",CASH,9.5,None
23/02/2021 13:14,Isle of Wight,Cole Taylor,"Large,Flavoured latte - Caramel,2.85,Large,Flavoured latte - Vanilla,2.85",CASH,5.7,None
23/02/2021 13:15,Isle of Wight,Norman Elliott,",Speciality Tea - English breakfast,1.3,,Red Label tea,1.2,Large,Latte,2.45,,Mocha,2.3",CASH,7.25,None
23/02/2021 13:16,Isle of Wight,Michael Gish,"Large,Americano,2.25,,Iced latte,2.35",CASH,4.6,None
23/02/2021 13:17,Isle of Wight,Sandra Lorenzana,"Regular,Espresso,1.5,,Flavoured iced latte - Caramel,2.75",CARD,4.25,"visa16,4893684128533943"
23/02/2021 13:18,Isle of Wight,Michael Johnson,",Frappes - Coffee,2.75",CARD,2.75,"discover,6011538724265833"
23/02/2021 13:19,Isle of Wight,Christy Grassi,"Large,Flavoured hot chocolate - Vanilla,2.9",CARD,2.9,"discover,60117148537798910"
23/02/2021 13:20,Isle of Wight,Melissa Elliott,"Large,Hot chocolate,2.9,Large,Americano,2.25,,Flavoured iced latte - Hazelnut,2.75,,Speciality Tea - Peppermint,1.3,,Flavoured iced latte - Vanilla,2.75",CARD,11.95,"mastercard,5138867848357543"
23/02/2021 13:21,Isle of Wight,Marian Stark,",Speciality Tea - Earl Grey,1.3,Large,Espresso,1.8,,Flavoured iced latte - Caramel,2.75,,Cortado,2.05,,Smoothies - Carrot Kick,2.0",CASH,9.9,None
23/02/2021 13:22,Isle of Wight,Jason Garrison,",Mocha,2.3,Large,Flavoured latte - Gingerbread,2.85,,Flat white,2.15",CARD,7.3,"americanexpress,366129548311922"
23/02/2021 13:23,Isle of Wight,Dorothy Moore,",Speciality Tea - Camomile,1.3,,Glass of milk,0.7",CASH,2,None
23/02/2021 13:24,Isle of Wight,Dorothy Thomas,",Speciality Tea - Fruit,1.3,,Speciality Tea - Earl Grey,1.3,,Frappes - Chocolate Cookie,2.75,,Speciality Tea - Earl Grey,1.3,,Mocha,2.3",CASH,8.95,None
23/02/2021 13:25,Isle of Wight,Wayne Thurman,",Speciality Tea - Darjeeling,1.3,Large,Flavoured hot chocolate - Caramel,2.9,Regular,Flavoured hot chocolate - Vanilla,2.6,Large,Cappuccino,2.45",CASH,9.25,None
23/02/2021 13:26,Isle of Wight,David Viverette,"Large,Chai latte,2.6,Large,Chai latte,2.6,,Flavoured iced latte - Caramel,2.75,,Speciality Tea - Earl Grey,1.3",CARD,9.25,"visa16,4189785437276257"
23/02/2021 13:27,Isle of Wight,Sheryl Ballard,",Glass of milk,0.7",CASH,0.7,None
23/02/2021 13:28,Isle of Wight,Rosie Vincent,"Large,Flavoured latte - Vanilla,2.85,,Mocha,2.3",CASH,5.15,None
23/02/2021 13:29,Isle of Wight,Cindy Ramirez,",Smoothies - Berry Beautiful,2.0,,Frappes - Strawberries & Cream,2.75",CARD,4.75,"visa16,43727722514552310"
23/02/2021 13:30,Isle of Wight,Betty Frautschi,"Large,Filter coffee,1.8,,Flavoured iced latte - Vanilla,2.75,,Smoothies - Glowing Greens,2.0,Regular,Chai latte,2.3",CASH,8.85,None
23/02/2021 13:31,Isle of Wight,Timothy Perla,"Large,Espresso,1.8,,Flavoured iced latte - Hazelnut,2.75,,Flavoured iced latte - Vanilla,2.75,,Flavoured iced latte - Vanilla,2.75",CASH,10.05,None
23/02/2021 13:32,Isle of Wight,John Dillingham,",Speciality Tea - Green,1.3,,Smoothies - Berry Beautiful,2.0,,Smoothies - Carrot Kick,2.0,,Frappes - Coffee,2.75",CASH,8.05,None
23/02/2021 13:33,Isle of Wight,Theresa Reyna,"Regular,Flavoured latte - Hazelnut,2.55,Regular,Americano,1.95,,Frappes - Coffee,2.75,,Mocha,2.3,,Flavoured iced latte - Hazelnut,2.75",CASH,12.3,None
23/02/2021 13:34,Isle of Wight,Jennifer Fernandez,"Large,Flavoured hot chocolate - Hazelnut,2.9,,Speciality Tea - Darjeeling,1.3,Regular,Flavoured hot chocolate - Vanilla,2.6,Large,Flavoured latte - Vanilla,2.85",CARD,9.65,"mastercard,5425968286844612"
23/02/2021 13:35,Isle of Wight,Michael Craig,",Speciality Tea - Green,1.3,Large,Flavoured hot chocolate - Vanilla,2.9,Regular,Chai latte,2.3,,Smoothies - Glowing Greens,2.0",CASH,8.5,None
23/02/2021 13:36,Isle of Wight,Raymond Acker,",Smoothies - Glowing Greens,2.0,Regular,Luxury hot chocolate,2.4,,Iced latte,2.35,,Frappes - Strawberries & Cream,2.75,Regular,Filter coffee,1.5",CARD,11,"discover,6011187388449976"
23/02/2021 13:37,Isle of Wight,Bernice Clark,"Large,Americano,2.25",CASH,2.25,None
23/02/2021 13:38,Isle of Wight,James Hyatt,",Babyccino,0.0,Large,Latte,2.45,Large,Flavoured latte - Hazelnut,2.85",CASH,5.3,None
23/02/2021 13:39,Isle of Wight,Jason Hazel,",Speciality Tea - Green,1.3",CASH,1.3,None
23/02/2021 13:40,Isle of Wight,Maya Doleman,",Smoothies - Glowing Greens,2.0,,Hot Chocolate,1.4,Regular,Flavoured hot chocolate - Vanilla,2.6",CARD,6,"americanexpress,368837722299683"
23/02/2021 13:41,Isle of Wight,Susie Ford,"Large,Flavoured latte - Caramel,2.85",CARD,2.85,"visa16,4877849726764626"
23/02/2021 13:42,Isle of Wight,Juanita Holden,",Speciality Tea - Earl Grey,1.3,Large,Chai latte,2.6,,Speciality Tea - Peppermint,1.3,,Smoothies - Berry Beautiful,2.0,Large,Flavoured hot chocolate - Hazelnut,2.9",CASH,10.1,None
23/02/2021 13:43,Isle of Wight,Raymond Arvelo,",Frappes - Coffee,2.75,Large,Cappuccino,2.45,Large,Flavoured hot chocolate - Caramel,2.9,Large,Flavoured latte - Hazelnut,2.85",CASH,10.95,None
23/02/2021 13:44,Isle of Wight,Kevin Bridges,",Flat white,2.15",CARD,2.15,"visa13,49153141746610"
23/02/2021 13:45,Isle of Wight,Grace Mcgown,",Speciality Tea - Peppermint,1.3,,Smoothies - Carrot Kick,2.0",CARD,3.3,"visa16,4777665989686517"
23/02/2021 13:46,Isle of Wight,Jo Smith,",Flavoured iced latte - Vanilla,2.75,Large,Hot chocolate,2.9,,Speciality Tea - Green,1.3,,Iced americano,2.15",CASH,9.1,None
23/02/2021 13:47,Isle of Wight,Isabelle Ellis,",Frappes - Chocolate Cookie,2.75",CARD,2.75,"visa16,4163342512341935"
23/02/2021 13:48,Isle of Wight,Curtis Moldenhauer,"Large,Filter coffee,1.8,,Hot Chocolate,1.4,,Flavoured iced latte - Vanilla,2.75,Large,Cappuccino,2.45",CARD,8.4,"discover,6011894471537696"
23/02/2021 13:49,Isle of Wight,Jonathan Brown,",Flavoured iced latte - Caramel,2.75",CARD,2.75,"visa13,4975299262856"
23/02/2021 13:50,Isle of Wight,James Williams,",Speciality Tea - Peppermint,1.3,Large,Cappuccino,2.45",CASH,3.75,None
23/02/2021 13:51,Isle of Wight,Jeffrey Williams,",Flavoured iced latte - Vanilla,2.75",CARD,2.75,"mastercard,5418657667459426"
23/02/2021 13:52,Isle of Wight,Diane Enriquez,",Frappes - Coffee,2.75,,Iced latte,2.35,Regular,Hot chocolate,2.2,Large,Hot chocolate,2.9,Large,Hot chocolate,2.9",CARD,13.1,"mastercard,5471413988316125"
23/02/2021 13:53,Isle of Wight,Richard Ruiz,"Large,Filter coffee,1.8,Large,Flavoured latte - Gingerbread,2.85,Regular,Filter coffee,1.5,Regular,Latte,2.15,,Smoothies - Carrot Kick,2.0",CARD,10.3,"visa13,4478589562952"
23/02/2021 13:54,Isle of Wight,William Fernandes,",Speciality Tea - Peppermint,1.3,Large,Filter coffee,1.8,,Speciality Tea - Fruit,1.3,Large,Flavoured latte - Hazelnut,2.85",CARD,7.25,"visa16,4181939964876868"
23/02/2021 13:55,Isle of Wight,Lucille Combes,",Smoothies - Carrot Kick,2.0,,Red Label tea,1.2,,Speciality Tea - Earl Grey,1.3,,Cortado,2.05,,Speciality Tea - Fruit,1.3",CARD,7.85,"mastercard,5386528199458236"
23/02/2021 13:56,Isle of Wight,Evan Kaleta,",Cortado,2.05,,Flat white,2.15,,Flavoured iced latte - Hazelnut,2.75,,Speciality Tea - Darjeeling,1.3,,Flavoured iced latte - Vanilla,2.75",CASH,11,None
23/02/2021 13:57,Isle of Wight,Susanne Miller,"Regular,Americano,1.95,Large,Flavoured hot chocolate - Vanilla,2.9,,Hot Chocolate,1.4,,Cortado,2.05,,Speciality Tea - Green,1.3",CASH,9.6,None
23/02/2021 13:58,Isle of Wight,Lauri Manteca,"Large,Flavoured hot chocolate - Hazelnut,2.9,,Smoothies - Berry Beautiful,2.0,,Frappes - Strawberries & Cream,2.75,,Frappes - Strawberries & Cream,2.75,Regular,Latte,2.15",CASH,12.55,None
23/02/2021 13:59,Isle of Wight,Thomas Pittman,"Large,Latte,2.45,,Mocha,2.3,,Frappes - Chocolate Cookie,2.75",CASH,7.5,None
23/02/2021 14:00,Isle of Wight,Ronald Dixon,"Regular,Latte,2.15,Regular,Flavoured latte - Vanilla,2.55,Large,Flavoured hot chocolate - Vanilla,2.9,Large,Latte,2.45,,Iced americano,2.15",CARD,12.2,"visa16,4328364886928214"
23/02/2021 14:01,Isle of Wight,Constance Hutson,",Speciality Tea - Peppermint,1.3",CARD,1.3,"visa13,4232648859994"
23/02/2021 14:02,Isle of Wight,Gary Demarais,"Large,Filter coffee,1.8",CASH,1.8,None
23/02/2021 14:03,Isle of Wight,Debra Trotter,",Speciality Tea - Camomile,1.3,,Smoothies - Glowing Greens,2.0",CASH,3.3,None
23/02/2021 14:04,Isle of Wight,Michael Jessica,"Large,Americano,2.25,Large,Flavoured latte - Caramel,2.85,,Smoothies - Carrot Kick,2.0",CARD,7.1,"mastercard,5539646885443472"
23/02/2021 14:05,Isle of Wight,Sherilyn Naegeli,",Flavoured iced latte - Hazelnut,2.75",CARD,2.75,"mastercard,5567892733384741"
23/02/2021 14:06,Isle of Wight,Barbara Gilstad,"Large,Filter coffee,1.8,Large,Americano,2.25,,Smoothies - Glowing Greens,2.0,,Iced americano,2.15,,Speciality Tea - Fruit,1.3",CARD,9.5,"americanexpress,375139326512178"
23/02/2021 14:07,Isle of Wight,Sharon Swensen,",Flat white,2.15",CARD,2.15,"visa13,4843328445423"
23/02/2021 14:08,Isle of Wight,Pauline Marlatt,",Hot Chocolate,1.4",CASH,1.4,None
23/02/2021 14:09,Isle of Wight,Glenda Patterson,"Regular,Americano,1.95",CARD,1.95,"visa16,4289299184775692"
23/02/2021 14:10,Isle of Wight,Osvaldo Gamble,",Speciality Tea - English breakfast,1.3,Large,Latte,2.45,Large,Flavoured latte - Vanilla,2.85,Large,Flavoured latte - Caramel,2.85",CASH,9.45,None
23/02/2021 14:11,Isle of Wight,Michael Mazzone,"Large,Flavoured latte - Caramel,2.85,,Flavoured iced latte - Vanilla,2.75,,Iced americano,2.15,,Smoothies - Glowing Greens,2.0",CASH,9.75,None
23/02/2021 14:12,Isle of Wight,Donald Jensen,",Glass of milk,0.7",CARD,0.7,"visa16,4362283864421546"
23/02/2021 14:13,Isle of Wight,Edward Eldredge,"Large,Flavoured hot chocolate - Caramel,2.9,,Frappes - Strawberries & Cream,2.75",CASH,5.65,None
23/02/2021 14:14,Isle of Wight,Kyle Smith,",Iced americano,2.15",CARD,2.15,"mastercard,5372928413254161"
23/02/2021 14:15,Isle of Wight,Paul Brann,"Regular,Flavoured latte - Gingerbread,2.55",CASH,2.55,None
23/02/2021 14:16,Isle of Wight,Juanita Tindol,"Large,Flavoured hot chocolate - Caramel,2.9,,Speciality Tea - English breakfast,1.3",CARD,4.2,"discover,6011666597235375"
23/02/2021 14:17,Isle of Wight,Tamra Zacarias,",Smoothies - Carrot Kick,2.0,,Speciality Tea - Green,1.3,Large,Latte,2.45",CARD,5.75,"discover,6011933853546352"
23/02/2021 14:18,Isle of Wight,Sherry Silva,",Flavoured iced latte - Caramel,2.75,,Smoothies - Berry Beautiful,2.0",CARD,4.75,"visa16,47715689299596210"
23/02/2021 14:19,Isle of Wight,Betty Manser,"Large,Latte,2.45,,Smoothies - Berry Beautiful,2.0",CASH,4.45,None
23/02/2021 14:20,Isle of Wight,Jim Laduke,",Flavoured iced latte - Vanilla,2.75,Large,Flavoured hot chocolate - Hazelnut,2.9,,Smoothies - Carrot Kick,2.0,Large,Cappuccino,2.45,,Flat white,2.15",CARD,12.25,"visa13,4217727955235"
23/02/2021 14:21,Isle of Wight,Miki Davidson,",Glass of milk,0.7,,Frappes - Chocolate Cookie,2.75",CARD,3.45,"discover,6011757695381565"
23/02/2021 14:22,Isle of Wight,Timothy Barile,",Flavoured iced latte - Caramel,2.75,Regular,Americano,1.95",CARD,4.7,"visa13,4727854321837"
23/02/2021 14:23,Isle of Wight,Kelly Yates,",Smoothies - Glowing Greens,2.0",CASH,2,None
23/02/2021 14:24,Isle of Wight,Dawna Cato,"Large,Flavoured hot chocolate - Vanilla,2.9,,Smoothies - Glowing Greens,2.0",CASH,4.9,None
23/02/2021 14:25,Isle of Wight,Derrick Gentry,"Large,Chai latte,2.6,Regular,Chai latte,2.3,Regular,Flavoured hot chocolate - Hazelnut,2.6,,Iced latte,2.35",CASH,9.85,None
23/02/2021 14:26,Isle of Wight,Sue Salinas,",Red Label tea,1.2,,Glass of milk,0.7,,Speciality Tea - Darjeeling,1.3,,Frappes - Chocolate Cookie,2.75",CASH,5.95,None
23/02/2021 14:27,Isle of Wight,Grace Rose,",Speciality Tea - Fruit,1.3,,Smoothies - Carrot Kick,2.0,,Speciality Tea - Green,1.3,,Babyccino,0.0",CASH,4.6,None
23/02/2021 14:28,Isle of Wight,Tyler Hopkins,",Smoothies - Glowing Greens,2.0,,Cortado,2.05,Large,Latte,2.45,,Smoothies - Carrot Kick,2.0",CASH,8.5,None
23/02/2021 14:29,Isle of Wight,Traci Pierce,"Regular,Americano,1.95,Regular,Chai latte,2.3,,Speciality Tea - Earl Grey,1.3,Large,Flavoured latte - Gingerbread,2.85,,Flavoured iced latte - Hazelnut,2.75",CARD,11.15,"discover,6011843962588429"
23/02/2021 14:30,Isle of Wight,Sharon Waggoner,",Flat white,2.15,Large,Espresso,1.8,,Hot Chocolate,1.4",CARD,5.35,"mastercard,5398153882571868"
23/02/2021 14:31,Isle of Wight,Judith Gonzales,",Speciality Tea - Green,1.3,,Flavoured iced latte - Hazelnut,2.75,,Smoothies - Glowing Greens,2.0",CASH,6.05,None
23/02/2021 14:32,Isle of Wight,Louise Hottel,",Speciality Tea - Green,1.3,,Mocha,2.3",CARD,3.6,"visa16,4179795583886892"
23/02/2021 14:33,Isle of Wight,Danielle Kerr,"Large,Espresso,1.8",CARD,1.8,"visa13,4335675353292"
23/02/2021 14:34,Isle of Wight,Michael Lozano,"Large,Hot chocolate,2.9,,Speciality Tea - Peppermint,1.3",CASH,4.2,None
23/02/2021 14:35,Isle of Wight,Laura Momphard,"Large,Cappuccino,2.45,Large,Americano,2.25",CASH,4.7,None
23/02/2021 14:36,Isle of Wight,Mario Krumins,"Large,Chai latte,2.6,,Hot Chocolate,1.4",CASH,4,None
23/02/2021 14:37,Isle of Wight,Edgar Mccarty,",Speciality Tea - Camomile,1.3,,Frappes - Chocolate Cookie,2.75",CASH,4.05,None
23/02/2021 14:38,Isle of Wight,Alice Stevenson,",Flavoured iced latte - Caramel,2.75,,Speciality Tea - Peppermint,1.3",CARD,4.05,"discover,6011372372335924"
23/02/2021 14:39,Isle of Wight,Jan Gallaher,",Mocha,2.3,Large,Americano,2.25,Large,Latte,2.45,Regular,Chai latte,2.3",CARD,9.3,"mastercard,5157556392192812"
23/02/2021 14:40,Isle of Wight,Shane Guyer,",Speciality Tea - Peppermint,1.3,,Speciality Tea - Green,1.3,,Smoothies - Berry Beautiful,2.0,,Speciality Tea - English breakfast,1.3,Large,Espresso,1.8",CASH,7.7,None
23/02/2021 14:41,Isle of Wight,Mary Mohan,",Flavoured iced latte - Caramel,2.75,Large,Flavoured hot chocolate - Vanilla,2.9,,Mocha,2.3,Large,Flavoured latte - Vanilla,2.85,Large,Chai latte,2.6",CASH,13.4,None
23/02/2021 14:42,Isle of Wight,Mildred Tarin,"Large,Luxury hot chocolate,2.7,,Smoothies - Berry Beautiful,2.0,,Frappes - Chocolate Cookie,2.75,,Speciality Tea - Darjeeling,1.3,,Flavoured iced latte - Vanilla,2.75",CARD,11.5,"mastercard,5437474982565391"
23/02/2021 14:43,Isle of Wight,William Turner,"Large,Latte,2.45",CARD,2.45,"discover,6011582411544456"
23/02/2021 14:44,Isle of Wight,Arlene Roman,"Regular,Hot chocolate,2.2,Regular,Espresso,1.5",CASH,3.7,None
23/02/2021 14:45,Isle of Wight,James Brauer,",Flat white,2.15,,Frappes - Strawberries & Cream,2.75,,Speciality Tea - Earl Grey,1.3,Large,Flavoured latte - Hazelnut,2.85,,Iced latte,2.35",CARD,11.4,"americanexpress,344749366219787"
23/02/2021 14:46,Isle of Wight,Bertha Scales,",Babyccino,0.0,,Flavoured iced latte - Vanilla,2.75,Large,Latte,2.45,Large,Luxury hot chocolate,2.7,,Smoothies - Berry Beautiful,2.0",CARD,9.9,"americanexpress,344573353669253"
23/02/2021 14:47,Isle of Wight,Janice Merritt,",Glass of milk,0.7",CASH,0.7,None
23/02/2021 14:48,Isle of Wight,Alonzo Fish,"Large,Americano,2.25",CARD,2.25,"visa16,4192385378652593"
23/02/2021 14:49,Isle of Wight,Geneva Witt,",Speciality Tea - Earl Grey,1.3,,Hot Chocolate,1.4,Large,Americano,2.25",CARD,4.95,"mastercard,5466773362395459"
23/02/2021 14:50,Isle of Wight,Lisa Massey,",Glass of milk,0.7,,Smoothies - Carrot Kick,2.0,,Smoothies - Glowing Greens,2.0,,Glass of milk,0.7,Regular,Luxury hot chocolate,2.4",CASH,7.8,None
23/02/2021 14:51,Isle of Wight,April Crate,",Flavoured iced latte - Caramel,2.75,,Mocha,2.3",CASH,5.05,None
23/02/2021 14:52,Isle of Wight,Stacey Santiago,"Large,Americano,2.25,,Flavoured iced latte - Caramel,2.75",CARD,5,"visa13,4466217535482"
23/02/2021 14:53,Isle of Wight,Phyllis Chapman,",Speciality Tea - Peppermint,1.3,,Smoothies - Berry Beautiful,2.0,,Speciality Tea - Green,1.3,Regular,Americano,1.95,,Mocha,2.3",CASH,8.85,None
23/02/2021 14:54,Isle of Wight,Howard Ciriaco,",Smoothies - Glowing Greens,2.0,Large,Flavoured hot chocolate - Hazelnut,2.9,,Speciality Tea - Camomile,1.3,Regular,Hot chocolate,2.2",CASH,8.4,None
23/02/2021 14:55,Isle of Wight,Jacqueline Lopez,",Flavoured iced latte - Hazelnut,2.75",CASH,2.75,None
23/02/2021 14:56,Isle of Wight,Ethel Brisco,",Speciality Tea - Green,1.3",CASH,1.3,None
23/02/2021 14:57,Isle of Wight,James Oneill,",Speciality Tea - English breakfast,1.3,Large,Latte,2.45,,Speciality Tea - Green,1.3,Large,Flavoured latte - Caramel,2.85",CARD,7.9,"americanexpress,359168732174497"
23/02/2021 14:58,Isle of Wight,Deborah Aguilar,"Regular,Flavoured latte - Hazelnut,2.55,,Hot Chocolate,1.4,,Frappes - Chocolate Cookie,2.75",CARD,6.7,"visa13,4185857157981"
23/02/2021 14:59,Isle of Wight,Lisa Rosato,"Large,Flavoured hot chocolate - Vanilla,2.9,,Glass of milk,0.7,,Flavoured iced latte - Hazelnut,2.75,Regular,Flavoured latte - Gingerbread,2.55,,Flavoured iced latte - Caramel,2.75",CARD,11.65,"mastercard,5123335758963327"
23/02/2021 15:00,Isle of Wight,June Pierce,"Regular,Luxury hot chocolate,2.4",CASH,2.4,None
23/02/2021 15:01,Isle of Wight,Mary Hemphill,",Mocha,2.3",CASH,2.3,None
23/02/2021 15:02,Isle of Wight,David Justen,"Large,Flavoured hot chocolate - Vanilla,2.9,,Flavoured iced latte - Caramel,2.75,,Speciality Tea - Earl Grey,1.3,Large,Flavoured hot chocolate - Vanilla,2.9",CASH,9.85,None
23/02/2021 15:03,Isle of Wight,Amalia Phillips,",Mocha,2.3,Large,Flavoured latte - Vanilla,2.85",CASH,5.15,None
23/02/2021 15:04,Isle of Wight,Gregory Craig,"Large,Flavoured hot chocolate - Vanilla,2.9",CARD,2.9,"visa13,4689282779251"
23/02/2021 15:05,Isle of Wight,Donald Peeden,"Regular,Flavoured hot chocolate - Hazelnut,2.6",CARD,2.6,"visa13,4566989941824"
23/02/2021 15:06,Isle of Wight,Omar Blackner,",Glass of milk,0.7,,Hot Chocolate,1.4,,Frappes - Chocolate Cookie,2.75,,Speciality Tea - Fruit,1.3,,Iced latte,2.35",CARD,8.5,"visa16,4439646578512975"
23/02/2021 15:07,Isle of Wight,Ruthie Lerman,",Babyccino,0.0",CASH,0,None
23/02/2021 15:08,Isle of Wight,Laura Weston,",Speciality Tea - Darjeeling,1.3,,Frappes - Chocolate Cookie,2.75",CASH,4.05,None
23/02/2021 15:09,Isle of Wight,Anthony Sheehy,"Regular,Flavoured latte - Hazelnut,2.55,,Frappes - Coffee,2.75,Large,Flavoured latte - Hazelnut,2.85,,Glass of milk,0.7,,Flavoured iced latte - Hazelnut,2.75",CARD,11.6,"americanexpress,341151389524116"
23/02/2021 15:10,Isle of Wight,John Hoban,",Red Label tea,1.2,,Speciality Tea - Earl Grey,1.3,Large,Americano,2.25,Regular,Flavoured latte - Gingerbread,2.55,Large,Latte,2.45",CASH,9.75,None
23/02/2021 15:11,Isle of Wight,Rita Pera,",Babyccino,0.0,Large,Luxury hot chocolate,2.7,,Red Label tea,1.2,Large,Luxury hot chocolate,2.7",CASH,6.6,None
23/02/2021 15:12,Isle of Wight,William Hertler,",Speciality Tea - English breakfast,1.3,Large,Hot chocolate,2.9,,Cortado,2.05,Large,Flavoured latte - Caramel,2.85,Large,Cappuccino,2.45",CASH,11.55,None
23/02/2021 15:13,Isle of Wight,Brendan Cabral,"Large,Latte,2.45",CASH,2.45,None
23/02/2021 15:14,Isle of Wight,Mary Aquino,"Large,Cappuccino,2.45,,Glass of milk,0.7,,Flavoured iced latte - Caramel,2.75",CASH,5.9,None
23/02/2021 15:15,Isle of Wight,Mary Wood,"Large,Hot chocolate,2.9,Large,Cappuccino,2.45,,Cortado,2.05",CASH,7.4,None
23/02/2021 15:16,Isle of Wight,Truman Wilson,",Iced americano,2.15",CASH,2.15,None
23/02/2021 15:17,Isle of Wight,Carol Chase,",Babyccino,0.0,,Speciality Tea - Camomile,1.3,Regular,Cappuccino,2.15,Regular,Americano,1.95,Regular,Flavoured latte - Hazelnut,2.55",CARD,7.95,"visa13,4773413285915"
23/02/2021 15:18,Isle of Wight,Anna Marks,",Cortado,2.05,,Speciality Tea - Camomile,1.3",CARD,3.35,"mastercard,5131349862449644"
23/02/2021 15:19,Isle of Wight,James Pham,",Frappes - Strawberries & Cream,2.75",CARD,2.75,"visa16,4744256228183613"
23/02/2021 15:20,Isle of Wight,Jose Cuozzo,"Large,Flavoured latte - Gingerbread,2.85",CASH,2.85,None
23/02/2021 15:21,Isle of Wight,Matthew Garrett,",Flat white,2.15,,Iced latte,2.35,,Hot Chocolate,1.4",CARD,5.9,"discover,6011577234678119"
23/02/2021 15:22,Isle of Wight,Brad Flory,",Glass of milk,0.7,Large,Latte,2.45,,Speciality Tea - Earl Grey,1.3,,Speciality Tea - Green,1.3,Large,Luxury hot chocolate,2.7",CASH,8.45,None
23/02/2021 15:23,Isle of Wight,Sharon Lonon,",Frappes - Chocolate Cookie,2.75,Regular,Cappuccino,2.15",CASH,4.9,None
23/02/2021 15:24,Isle of Wight,Steven Johnson,",Flat white,2.15,Regular,Americano,1.95,,Cortado,2.05,,Mocha,2.3",CASH,8.45,None
23/02/2021 15:25,Isle of Wight,Patricia Stewart,"Regular,Flavoured hot chocolate - Caramel,2.6,,Flat white,2.15",CASH,4.75,None
23/02/2021 15:26,Isle of Wight,Ronald Kelly,"Regular,Flavoured latte - Hazelnut,2.55",CASH,2.55,None
23/02/2021 15:27,Isle of Wight,Helen White,"Large,Americano,2.25,Regular,Luxury hot chocolate,2.4",CARD,4.65,"discover,6011978699988219"
23/02/2021 15:28,Isle of Wight,Virginia Caro,"Large,Flavoured hot chocolate - Hazelnut,2.9,,Red Label tea,1.2,,Speciality Tea - Peppermint,1.3,Large,Filter coffee,1.8",CARD,7.2,"americanexpress,345636861793466"
23/02/2021 15:29,Isle of Wight,Trudy Powell,"Large,Americano,2.25,,Flavoured iced latte - Hazelnut,2.75",CARD,5,"visa13,4499556738482"
23/02/2021 15:30,Isle of Wight,Tammy Myer,"Large,Americano,2.25,Regular,Latte,2.15,Large,Flavoured latte - Caramel,2.85,,Hot Chocolate,1.4",CARD,8.65,"americanexpress,3497472441389510"
23/02/2021 15:31,Isle of Wight,Sara Curran,",Flavoured iced latte - Vanilla,2.75,,Smoothies - Carrot Kick,2.0,,Flavoured iced latte - Caramel,2.75,Large,Latte,2.45,Large,Americano,2.25",CASH,12.2,None
23/02/2021 15:32,Isle of Wight,Jeffrey Goldman,",Speciality Tea - Darjeeling,1.3,Large,Espresso,1.8,,Smoothies - Glowing Greens,2.0",CARD,5.1,"visa16,4665188213338446"
23/02/2021 15:33,Isle of Wight,Leonard Turner,"Large,Flavoured hot chocolate - Caramel,2.9,,Speciality Tea - Darjeeling,1.3",CASH,4.2,None
23/02/2021 15:34,Isle of Wight,Anna Newbury,"Regular,Cappuccino,2.15",CASH,2.15,None
23/02/2021 15:35,Isle of Wight,Mark Mohler,"Large,Luxury hot chocolate,2.7,Large,Flavoured latte - Hazelnut,2.85,,Frappes - Coffee,2.75,,Iced latte,2.35",CASH,10.65,None
23/02/2021 15:36,Isle of Wight,Evelyn Gilbertson,",Mocha,2.3,,Frappes - Coffee,2.75,Large,Cappuccino,2.45",CARD,7.5,"discover,6011769128264144"
23/02/2021 15:37,Isle of Wight,Ernestine Delgado,"Regular,Chai latte,2.3,,Cortado,2.05,,Speciality Tea - Fruit,1.3,Large,Americano,2.25,,Flavoured iced latte - Hazelnut,2.75",CASH,10.65,None
23/02/2021 15:38,Isle of Wight,Helen Wolfert,",Mocha,2.3,Large,Flavoured hot chocolate - Caramel,2.9,Large,Latte,2.45,Large,Hot chocolate,2.9,,Frappes - Chocolate Cookie,2.75",CARD,13.3,"mastercard,5373369515349238"
23/02/2021 15:39,Isle of Wight,Peter Iniguez,",Flat white,2.15,,Red Label tea,1.2,,Speciality Tea - Green,1.3,Large,Espresso,1.8",CASH,6.45,None
23/02/2021 15:40,Isle of Wight,Kathy Ashley,",Smoothies - Carrot Kick,2.0,,Hot Chocolate,1.4,Regular,Flavoured latte - Hazelnut,2.55,,Hot Chocolate,1.4",CASH,7.35,None
23/02/2021 15:41,Isle of Wight,Elizabeth Trimble,",Smoothies - Berry Beautiful,2.0,,Flavoured iced latte - Caramel,2.75",CARD,4.75,"visa16,4583235541469739"
23/02/2021 15:42,Isle of Wight,Ken Salerno,"Large,Luxury hot chocolate,2.7,,Glass of milk,0.7,,Flavoured iced latte - Caramel,2.75,,Smoothies - Glowing Greens,2.0",CARD,8.15,"americanexpress,342883723896615"
23/02/2021 15:43,Isle of Wight,Ross Boudreaux,",Speciality Tea - Fruit,1.3,Large,Flavoured latte - Vanilla,2.85,,Speciality Tea - English breakfast,1.3",CASH,5.45,None
23/02/2021 15:44,Isle of Wight,Roberta Jones,"Large,Cappuccino,2.45,,Frappes - Coffee,2.75,,Babyccino,0.0",CARD,5.2,"mastercard,5372712444962673"
23/02/2021 15:45,Isle of Wight,Anthony Beavers,",Smoothies - Carrot Kick,2.0,,Speciality Tea - Fruit,1.3",CARD,3.3,"mastercard,5167544444361633"
23/02/2021 15:46,Isle of Wight,Margaret Coleman,",Smoothies - Carrot Kick,2.0,,Iced americano,2.15,Large,Flavoured latte - Gingerbread,2.85,,Mocha,2.3",CARD,9.3,"americanexpress,348749292665455"
23/02/2021 15:47,Isle of Wight,Paul Torres,",Frappes - Coffee,2.75",CARD,2.75,"discover,6011161443526961"
23/02/2021 15:48,Isle of Wight,Stephanie Mccaughey,",Frappes - Chocolate Cookie,2.75,,Mocha,2.3,,Cortado,2.05,Regular,Espresso,1.5,,Hot Chocolate,1.4",CARD,10,"mastercard,5114682381464954"
23/02/2021 15:49,Isle of Wight,Natalie Brocato,",Flat white,2.15,,Speciality Tea - Fruit,1.3",CARD,3.45,"americanexpress,343484487827232"
23/02/2021 15:50,Isle of Wight,Ernest Bahner,",Speciality Tea - Camomile,1.3,,Flavoured iced latte - Caramel,2.75,,Hot Chocolate,1.4",CARD,5.45,"visa13,4684419777559"
23/02/2021 15:51,Isle of Wight,Darlene Nicholson,"Large,Flavoured latte - Vanilla,2.85,,Speciality Tea - English breakfast,1.3,,Smoothies - Carrot Kick,2.0",CARD,6.15,"americanexpress,356258262557394"
23/02/2021 15:52,Isle of Wight,Jane Holmes,"Large,Latte,2.45,,Mocha,2.3,Regular,Flavoured latte - Vanilla,2.55",CASH,7.3,None
23/02/2021 15:53,Isle of Wight,Robert Ness,"Large,Flavoured hot chocolate - Hazelnut,2.9,,Smoothies - Berry Beautiful,2.0,,Speciality Tea - Darjeeling,1.3",CASH,6.2,None
23/02/2021 15:54,Isle of Wight,Jonathan Ouzts,",Babyccino,0.0,,Speciality Tea - Peppermint,1.3,Large,Latte,2.45,Large,Latte,2.45",CARD,6.2,"visa13,4732845647142"
23/02/2021 15:55,Isle of Wight,Laura Ramos,",Speciality Tea - Camomile,1.3,,Smoothies - Carrot Kick,2.0,Large,Flavoured latte - Vanilla,2.85",CARD,6.15,"americanexpress,361212366413791"
23/02/2021 15:56,Isle of Wight,Lisa Reynolds,",Glass of milk,0.7,Large,Flavoured latte - Gingerbread,2.85,Large,Latte,2.45",CARD,6,"visa13,4386267359783"
23/02/2021 15:57,Isle of Wight,Ralph Mike,",Speciality Tea - Fruit,1.3,,Smoothies - Carrot Kick,2.0,,Frappes - Coffee,2.75",CASH,6.05,None
23/02/2021 15:58,Isle of Wight,Deborah Sharpe,"Large,Latte,2.45,Large,Latte,2.45",CARD,4.9,"mastercard,5417225437411126"
23/02/2021 15:59,Isle of Wight,Ted Williams,",Flavoured iced latte - Vanilla,2.75",CASH,2.75,None
23/02/2021 16:00,Isle of Wight,Donald Rybak,",Cortado,2.05,Large,Luxury hot chocolate,2.7,,Flavoured iced latte - Hazelnut,2.75,,Mocha,2.3,Large,Luxury hot chocolate,2.7",CASH,12.5,None
23/02/2021 16:01,Isle of Wight,Christine Turnage,",Speciality Tea - Fruit,1.3,Regular,Flavoured latte - Hazelnut,2.55,,Speciality Tea - Fruit,1.3,,Iced latte,2.35",CARD,7.5,"visa16,4696185296844442"
23/02/2021 16:02,Isle of Wight,Helen Williams,",Speciality Tea - Earl Grey,1.3,,Speciality Tea - Fruit,1.3,,Frappes - Strawberries & Cream,2.75,,Smoothies - Glowing Greens,2.0",CARD,7.35,"visa16,4522566522551259"
23/02/2021 16:03,Isle of Wight,Mary Martin,",Red Label tea,1.2",CASH,1.2,None
23/02/2021 16:04,Isle of Wight,Truman Patton,",Speciality Tea - Darjeeling,1.3",CARD,1.3,"mastercard,5247235975477286"
23/02/2021 16:05,Isle of Wight,Brian Smith,"Large,Americano,2.25,Large,Flavoured latte - Hazelnut,2.85,,Glass of milk,0.7,,Cortado,2.05",CASH,7.85,None
23/02/2021 16:06,Isle of Wight,Williams Schmidt,"Regular,Chai latte,2.3,Large,Americano,2.25",CARD,4.55,"visa13,4115549862243"
23/02/2021 16:07,Isle of Wight,Mary Patterson,",Iced latte,2.35,,Iced latte,2.35,,Red Label tea,1.2,,Cortado,2.05",CASH,7.95,None
23/02/2021 16:08,Isle of Wight,Tiffany Noyes,"Large,Espresso,1.8,,Flavoured iced latte - Vanilla,2.75,Regular,Flavoured hot chocolate - Vanilla,2.6,Large,Latte,2.45",CASH,9.6,None
23/02/2021 16:09,Isle of Wight,Clora Perez,"Large,Latte,2.45,Large,Filter coffee,1.8",CARD,4.25,"mastercard,54296412629331810"
23/02/2021 16:10,Isle of Wight,Shirley Hall,"Regular,Hot chocolate,2.2,,Hot Chocolate,1.4",CASH,3.6,None
23/02/2021 16:11,Isle of Wight,Joleen Castro,"Large,Latte,2.45,,Flavoured iced latte - Hazelnut,2.75,,Speciality Tea - Earl Grey,1.3,,Speciality Tea - Peppermint,1.3",CASH,7.8,None
23/02/2021 16:12,Isle of Wight,Clifford Bania,"Regular,Flavoured latte - Gingerbread,2.55,,Iced latte,2.35",CASH,4.9,None
23/02/2021 16:13,Isle of Wight,Raven Morales,",Frappes - Coffee,2.75,,Babyccino,0.0,Regular,Filter coffee,1.5,,Speciality Tea - Darjeeling,1.3,,Speciality Tea - Peppermint,1.3",CARD,6.85,"visa16,4371381168713276"
23/02/2021 16:14,Isle of Wight,Ricky Rivera,"Large,Latte,2.45,Large,Filter coffee,1.8,Regular,Filter coffee,1.5,,Smoothies - Carrot Kick,2.0,,Iced americano,2.15",CASH,9.9,None
23/02/2021 16:15,Isle of Wight,Billy Cisneros,"Large,Luxury hot chocolate,2.7",CARD,2.7,"americanexpress,361739856143496"
23/02/2021 16:16,Isle of Wight,Sherry Bean,",Red Label tea,1.2,,Speciality Tea - Green,1.3,,Iced latte,2.35,,Flat white,2.15",CARD,7,"mastercard,5576211841364967"
23/02/2021 16:17,Isle of Wight,Alicia Jobst,"Regular,Americano,1.95,,Speciality Tea - Green,1.3,,Glass of milk,0.7,Large,Latte,2.45",CASH,6.4,None
23/02/2021 16:18,Isle of Wight,Merle Bohne,"Large,Cappuccino,2.45",CARD,2.45,"discover,6011419385148263"
23/02/2021 16:19,Isle of Wight,Joshua Lawson,"Large,Flavoured latte - Gingerbread,2.85,,Iced latte,2.35",CASH,5.2,None
23/02/2021 16:20,Isle of Wight,Mina Jackson,",Frappes - Strawberries & Cream,2.75,Large,Hot chocolate,2.9,,Speciality Tea - Camomile,1.3,,Speciality Tea - Darjeeling,1.3",CASH,8.25,None
23/02/2021 16:21,Isle of Wight,John Odonnell,",Glass of milk,0.7,Large,Hot chocolate,2.9,Regular,Flavoured hot chocolate - Caramel,2.6,,Frappes - Coffee,2.75,,Iced latte,2.35",CARD,11.3,"visa16,41955527546864810"
23/02/2021 16:22,Isle of Wight,Jack Devoe,",Speciality Tea - Peppermint,1.3,,Speciality Tea - English breakfast,1.3,,Frappes - Coffee,2.75",CASH,5.35,None
23/02/2021 16:23,Isle of Wight,William Lloyd,",Cortado,2.05,Large,Americano,2.25,Regular,Flavoured latte - Hazelnut,2.55,,Speciality Tea - Darjeeling,1.3,Regular,Hot chocolate,2.2",CARD,10.35,"discover,60111953528847310"
23/02/2021 16:24,Isle of Wight,Ashley Brady,"Regular,Americano,1.95,,Speciality Tea - English breakfast,1.3,,Smoothies - Glowing Greens,2.0,Large,Filter coffee,1.8",CARD,7.05,"mastercard,5243171988697236"
23/02/2021 16:25,Isle of Wight,David Crowley,"Large,Chai latte,2.6,,Speciality Tea - English breakfast,1.3,,Frappes - Chocolate Cookie,2.75",CASH,6.65,None
23/02/2021 16:26,Isle of Wight,Jaime Hart,",Red Label tea,1.2,Large,Luxury hot chocolate,2.7",CASH,3.9,None
23/02/2021 16:27,Isle of Wight,Kathy Brown,"Large,Flavoured latte - Caramel,2.85,,Frappes - Coffee,2.75,,Hot Chocolate,1.4,Large,Americano,2.25",CASH,9.25,None
23/02/2021 16:28,Isle of Wight,Mike Johnson,"Regular,Flavoured latte - Hazelnut,2.55",CARD,2.55,"americanexpress,345792445818673"
23/02/2021 16:29,Isle of Wight,Ruth Sawyer,"Regular,Flavoured hot chocolate - Caramel,2.6,Regular,Flavoured hot chocolate - Caramel,2.6,,Mocha,2.3,,Smoothies - Glowing Greens,2.0,Large,Flavoured hot chocolate - Hazelnut,2.9",CARD,12.4,"visa16,4292188853499228"
23/02/2021 16:30,Isle of Wight,James Vincent,",Speciality Tea - Peppermint,1.3",CARD,1.3,"visa16,4122144376553542"
23/02/2021 16:31,Isle of Wight,Jami Rodriguez,",Smoothies - Carrot Kick,2.0,Regular,Americano,1.95,,Frappes - Chocolate Cookie,2.75",CARD,6.7,"mastercard,5411867978657157"
23/02/2021 16:32,Isle of Wight,Kurt Schreiner,",Frappes - Chocolate Cookie,2.75,,Smoothies - Carrot Kick,2.0,Regular,Chai latte,2.3",CARD,7.05,"visa16,4675985395443383"
23/02/2021 16:33,Isle of Wight,Gladys Jurgens,",Smoothies - Berry Beautiful,2.0,,Frappes - Coffee,2.75,,Hot Chocolate,1.4,Large,Americano,2.25",CARD,8.4,"discover,6011979725216773"
23/02/2021 16:34,Isle of Wight,Deborah Szabo,",Flavoured iced latte - Caramel,2.75,,Flavoured iced latte - Caramel,2.75,Regular,Chai latte,2.3,,Glass of milk,0.7",CASH,8.5,None
23/02/2021 16:35,Isle of Wight,Angelo Morse,",Cortado,2.05",CASH,2.05,None
23/02/2021 16:36,Isle of Wight,Dorothy Wood,",Flavoured iced latte - Hazelnut,2.75,,Mocha,2.3,,Flavoured iced latte - Hazelnut,2.75,,Iced americano,2.15,Large,Flavoured hot chocolate - Hazelnut,2.9",CASH,12.85,None
23/02/2021 16:37,Isle of Wight,Bobby Oppenheim,"Regular,Espresso,1.5,Large,Chai latte,2.6",CARD,4.1,"americanexpress,343623446696127"
23/02/2021 16:38,Isle of Wight,Diane Crist,",Flavoured iced latte - Caramel,2.75,,Frappes - Coffee,2.75",CARD,5.5,"americanexpress,371656549779668"
23/02/2021 16:39,Isle of Wight,Loyd Dabney,",Frappes - Chocolate Cookie,2.75,Large,Filter coffee,1.8",CASH,4.55,None
23/02/2021 16:40,Isle of Wight,Kenneth Stone,"Large,Flavoured latte - Hazelnut,2.85,Large,Cappuccino,2.45,,Speciality Tea - Fruit,1.3,,Iced americano,2.15",CASH,8.75,None
23/02/2021 16:41,Isle of Wight,Justin Mchaney,",Hot Chocolate,1.4,,Frappes - Coffee,2.75,,Hot Chocolate,1.4",CARD,5.55,"visa16,44966713246713710"
23/02/2021 16:42,Isle of Wight,Anthony Hernandez,",Flavoured iced latte - Caramel,2.75,,Speciality Tea - Green,1.3,Large,Luxury hot chocolate,2.7,,Cortado,2.05,Large,Flavoured hot chocolate - Hazelnut,2.9",CASH,11.7,None
23/02/2021 16:43,Isle of Wight,Irving Kenyon,"Regular,Americano,1.95,,Smoothies - Glowing Greens,2.0,Regular,Flavoured latte - Caramel,2.55",CARD,6.5,"visa13,4742841361127"
23/02/2021 16:44,Isle of Wight,Drew Atkins,",Frappes - Chocolate Cookie,2.75",CARD,2.75,"visa16,4461716734649838"
23/02/2021 16:45,Isle of Wight,Alton Hilyard,"Large,Americano,2.25",CASH,2.25,None
23/02/2021 16:46,Isle of Wight,Milan Ala,"Large,Flavoured latte - Caramel,2.85,,Speciality Tea - English breakfast,1.3,Large,Flavoured latte - Gingerbread,2.85",CARD,7,"mastercard,5261295975146985"
23/02/2021 16:47,Isle of Wight,Timothy Barksdale,",Red Label tea,1.2",CASH,1.2,None
23/02/2021 16:48,Isle of Wight,Michael Quarry,",Flavoured iced latte - Hazelnut,2.75,Large,Espresso,1.8,Regular,Americano,1.95,,Frappes - Coffee,2.75,,Smoothies - Glowing Greens,2.0",CARD,11.25,"visa16,4382558777882868"
23/02/2021 16:49,Isle of Wight,Brandy Deyoung,"Regular,Flavoured hot chocolate - Vanilla,2.6,Large,Americano,2.25",CARD,4.85,"visa16,4896563259924872"
23/02/2021 16:50,Isle of Wight,Debra Tarango,",Speciality Tea - Peppermint,1.3,,Flavoured iced latte - Caramel,2.75,,Cortado,2.05,,Iced americano,2.15",CASH,8.25,None
23/02/2021 16:51,Isle of Wight,James Hicks,",Speciality Tea - Earl Grey,1.3",CARD,1.3,"discover,6011876748451249"
23/02/2021 16:52,Isle of Wight,Margaret Sawyer,",Red Label tea,1.2,Large,Filter coffee,1.8,Large,Americano,2.25,,Smoothies - Carrot Kick,2.0,,Flavoured iced latte - Hazelnut,2.75",CARD,10,"visa16,4829645781972511"
23/02/2021 16:53,Isle of Wight,Jacob Carter,",Frappes - Strawberries & Cream,2.75,,Mocha,2.3",CARD,5.05,"visa16,4729884811897692"
23/02/2021 16:54,Isle of Wight,Dustin Peng,",Frappes - Chocolate Cookie,2.75,Regular,Luxury hot chocolate,2.4,Regular,Filter coffee,1.5,Large,Flavoured hot chocolate - Hazelnut,2.9,,Flavoured iced latte - Hazelnut,2.75",CASH,12.3,None
23/02/2021 16:55,Isle of Wight,Ruth Craig,",Mocha,2.3",CARD,2.3,"americanexpress,3562494621962410"
23/02/2021 16:56,Isle of Wight,Kenneth Dunham,",Speciality Tea - Fruit,1.3,,Speciality Tea - English breakfast,1.3",CARD,2.6,"discover,6011875315666833"
23/02/2021 16:57,Isle of Wight,Paul Kelly,",Hot Chocolate,1.4",CASH,1.4,None
23/02/2021 16:58,Isle of Wight,Angela Adams,"Large,Flavoured latte - Vanilla,2.85",CARD,2.85,"discover,6011693992614723"
23/02/2021 16:59,Isle of Wight,Martha Rucker,"Regular,Espresso,1.5,,Glass of milk,0.7,,Speciality Tea - Camomile,1.3",CASH,3.5,None
23/02/2021 17:00,Isle of Wight,Edwin Thomas,",Flavoured iced latte - Hazelnut,2.75,Large,Flavoured hot chocolate - Caramel,2.9",CARD,5.65,"visa16,4411413756888376"
23/02/2021 17:01,Isle of Wight,Dee Wilson,",Flat white,2.15,Large,Flavoured latte - Caramel,2.85",CASH,5,None
23/02/2021 17:02,Isle of Wight,Sherman Congdon,"Large,Latte,2.45,,Frappes - Strawberries & Cream,2.75,,Speciality Tea - Camomile,1.3,,Speciality Tea - Earl Grey,1.3",CASH,7.8,None
23/02/2021 17:03,Isle of Wight,Malcolm Manley,",Hot Chocolate,1.4,,Red Label tea,1.2,,Smoothies - Carrot Kick,2.0,,Mocha,2.3",CASH,6.9,None
23/02/2021 17:04,Isle of Wight,Carolyn Coulter,",Babyccino,0.0,,Smoothies - Glowing Greens,2.0,Regular,Chai latte,2.3,,Speciality Tea - Green,1.3,,Speciality Tea - Fruit,1.3",CARD,6.9,"mastercard,5464631274988989"
23/02/2021 17:05,Isle of Wight,Isabel Goh,",Speciality Tea - Fruit,1.3,,Red Label tea,1.2,Large,Luxury hot chocolate,2.7",CASH,5.2,None
23/02/2021 17:06,Isle of Wight,Maria Locke,",Flavoured iced latte - Hazelnut,2.75",CARD,2.75,"visa16,4847542595119934"
23/02/2021 17:07,Isle of Wight,Brad Oconnor,",Smoothies - Berry Beautiful,2.0",CARD,2,"visa13,4137272256716"
23/02/2021 17:08,Isle of Wight,Timothy Cartagena,"Regular,Flavoured latte - Vanilla,2.55,,Speciality Tea - English breakfast,1.3",CASH,3.85,None
23/02/2021 17:09,Isle of Wight,Kyle Yaple,",Iced americano,2.15,Large,Flavoured hot chocolate - Vanilla,2.9",CASH,5.05,None
23/02/2021 17:10,Isle of Wight,Hillary Morales,",Flat white,2.15",CARD,2.15,"americanexpress,373956795687286"
23/02/2021 17:11,Isle of Wight,Richard Amodeo,"Large,Espresso,1.8,,Glass of milk,0.7,Large,Americano,2.25,,Frappes - Chocolate Cookie,2.75,,Frappes - Coffee,2.75",CASH,10.25,None
23/02/2021 17:12,Isle of Wight,Rose Howell,",Babyccino,0.0,Regular,Flavoured hot chocolate - Hazelnut,2.6,Large,Espresso,1.8",CASH,4.4,None
23/02/2021 17:13,Isle of Wight,Michael Burke,",Smoothies - Berry Beautiful,2.0",CARD,2,"discover,6011337863893863"
23/02/2021 17:14,Isle of Wight,Andre Mclain,",Frappes - Coffee,2.75,,Iced latte,2.35,Regular,Chai latte,2.3,,Speciality Tea - Fruit,1.3,,Flavoured iced latte - Caramel,2.75",CARD,11.45,"americanexpress,3561858325783710"
23/02/2021 17:15,Isle of Wight,Roy Jackson,",Flat white,2.15",CARD,2.15,"americanexpress,378555651437466"
23/02/2021 17:16,Isle of Wight,William Rudzik,",Flavoured iced latte - Vanilla,2.75,Regular,Filter coffee,1.5,Large,Americano,2.25,Large,Americano,2.25",CASH,8.75,None
23/02/2021 17:17,Isle of Wight,Stan Boyer,",Speciality Tea - Fruit,1.3,,Cortado,2.05",CASH,3.35,None
23/02/2021 17:18,Isle of Wight,Jeffrey Robinson,"Regular,Flavoured latte - Gingerbread,2.55",CARD,2.55,"americanexpress,379928153695833"
23/02/2021 17:19,Isle of Wight,Justin Beaudreault,",Iced americano,2.15,Large,Latte,2.45,,Iced americano,2.15,,Frappes - Strawberries & Cream,2.75",CARD,9.5,"americanexpress,378653129736997"
23/02/2021 17:20,Isle of Wight,Michael Arcizo,"Regular,Americano,1.95,Regular,Flavoured hot chocolate - Caramel,2.6,,Hot Chocolate,1.4,Regular,Flavoured latte - Caramel,2.55",CASH,8.5,None
23/02/2021 17:21,Isle of Wight,Isabel Ward,",Speciality Tea - Peppermint,1.3,,Mocha,2.3,,Iced latte,2.35,,Frappes - Chocolate Cookie,2.75",CASH,8.7,None
23/02/2021 17:22,Isle of Wight,Robin Occhuizzo,"Large,Luxury hot chocolate,2.7,,Smoothies - Carrot Kick,2.0,,Smoothies - Glowing Greens,2.0,,Frappes - Coffee,2.75",CASH,9.45,None
23/02/2021 17:23,Isle of Wight,Karen Brown,",Glass of milk,0.7,,Hot Chocolate,1.4,,Red Label tea,1.2,Large,Flavoured latte - Hazelnut,2.85",CARD,6.15,"visa13,4727546127576"
23/02/2021 17:24,Isle of Wight,Edward Rumph,",Smoothies - Berry Beautiful,2.0,,Flat white,2.15",CASH,4.15,None
23/02/2021 17:25,Isle of Wight,Anthony Coburn,",Flavoured iced latte - Caramel,2.75,,Iced latte,2.35,Large,Flavoured latte - Gingerbread,2.85",CASH,7.95,None
23/02/2021 17:26,Isle of Wight,Glen Soles,"Large,Espresso,1.8,Regular,Latte,2.15,,Frappes - Chocolate Cookie,2.75",CASH,6.7,None
23/02/2021 17:27,Isle of Wight,Susan Parker,"Regular,Flavoured hot chocolate - Hazelnut,2.6,,Speciality Tea - Earl Grey,1.3,Large,Cappuccino,2.45,,Speciality Tea - Fruit,1.3,,Speciality Tea - Earl Grey,1.3",CASH,8.95,None
23/02/2021 17:28,Isle of Wight,Suzanne Stewart,",Smoothies - Berry Beautiful,2.0,,Smoothies - Glowing Greens,2.0,Regular,Flavoured latte - Vanilla,2.55,,Speciality Tea - Camomile,1.3,,Flavoured iced latte - Vanilla,2.75",CASH,10.6,None
23/02/2021 17:29,Isle of Wight,William Lowe,"Large,Americano,2.25,,Speciality Tea - Green,1.3",CASH,3.55,None
23/02/2021 17:30,Isle of Wight,Gloria Members,",Hot Chocolate,1.4,,Flavoured iced latte - Hazelnut,2.75,,Speciality Tea - Camomile,1.3",CASH,5.45,None
23/02/2021 17:31,Isle of Wight,Cleo Daniels,"Large,Cappuccino,2.45,,Smoothies - Carrot Kick,2.0,Regular,Filter coffee,1.5",CASH,5.95,None
23/02/2021 17:32,Isle of Wight,Robert Morris,",Flat white,2.15,Large,Americano,2.25,,Iced americano,2.15,,Hot Chocolate,1.4",CARD,7.95,"discover,6011338592232316"
23/02/2021 17:33,Isle of Wight,Donna Bui,",Speciality Tea - Earl Grey,1.3,,Speciality Tea - Fruit,1.3",CASH,2.6,None
23/02/2021 17:34,Isle of Wight,Michael Riggs,"Regular,Flavoured latte - Hazelnut,2.55,Large,Flavoured latte - Vanilla,2.85,,Glass of milk,0.7,Large,Flavoured latte - Hazelnut,2.85,,Speciality Tea - Green,1.3",CARD,10.25,"americanexpress,362865514992773"
23/02/2021 17:35,Isle of Wight,Marcy Baker,",Hot Chocolate,1.4",CASH,1.4,None
23/02/2021 17:36,Isle of Wight,Patrick Harmon,"Regular,Filter coffee,1.5,Large,Americano,2.25,,Smoothies - Berry Beautiful,2.0,,Speciality Tea - Camomile,1.3",CARD,7.05,"visa16,4378628235324336"
23/02/2021 17:37,Isle of Wight,Danny Stevens,",Flavoured iced latte - Caramel,2.75,Large,Espresso,1.8,Regular,Flavoured latte - Vanilla,2.55",CASH,7.1,None
23/02/2021 17:38,Isle of Wight,William Ireland,",Frappes - Chocolate Cookie,2.75,Large,Chai latte,2.6",CARD,5.35,"visa16,4646857116336541"
23/02/2021 17:39,Isle of Wight,Rebecca Adomaitis,",Speciality Tea - English breakfast,1.3,,Frappes - Strawberries & Cream,2.75,,Speciality Tea - Earl Grey,1.3,Large,Latte,2.45,Large,Latte,2.45",CASH,10.25,None
23/02/2021 17:40,Isle of Wight,Helen Phillips,"Large,Americano,2.25,Regular,Americano,1.95,,Flavoured iced latte - Hazelnut,2.75",CASH,6.95,None
23/02/2021 17:41,Isle of Wight,Jessica Andrade,",Smoothies - Glowing Greens,2.0,,Iced latte,2.35",CASH,4.35,None
23/02/2021 17:42,Isle of Wight,Rosie Foley,",Red Label tea,1.2",CARD,1.2,"americanexpress,347838538219424"
23/02/2021 17:43,Isle of Wight,Fred Correa,",Red Label tea,1.2",CASH,1.2,None
23/02/2021 17:44,Isle of Wight,Steven Mcbee,",Smoothies - Carrot Kick,2.0,Large,Americano,2.25,Large,Chai latte,2.6",CARD,6.85,"visa16,4684231667211854"
23/02/2021 17:45,Isle of Wight,Joni Sparks,",Smoothies - Carrot Kick,2.0,,Flavoured iced latte - Caramel,2.75,,Flavoured iced latte - Caramel,2.75,Large,Flavoured latte - Gingerbread,2.85",CARD,10.35,"discover,6011638228126141"
23/02/2021 17:46,Isle of Wight,Louise Odegard,"Large,Flavoured latte - Vanilla,2.85,Large,Luxury hot chocolate,2.7,,Flavoured iced latte - Vanilla,2.75,Large,Luxury hot chocolate,2.7,,Red Label tea,1.2",CARD,12.2,"mastercard,5159715189995526"
23/02/2021 17:47,Isle of Wight,Erin Ferguson,"Large,Flavoured latte - Caramel,2.85,,Red Label tea,1.2,,Smoothies - Carrot Kick,2.0",CASH,6.05,None
23/02/2021 17:48,Isle of Wight,Joyce Harne,"Large,Cappuccino,2.45,,Speciality Tea - Fruit,1.3,,Speciality Tea - Darjeeling,1.3,,Iced latte,2.35,Large,Hot chocolate,2.9",CARD,10.3,"mastercard,5264451946735169"
23/02/2021 17:49,Isle of Wight,Chase Fryer,"Large,Cappuccino,2.45,Regular,Chai latte,2.3",CASH,4.75,None
23/02/2021 17:50,Isle of Wight,Porter Kasten,"Large,Americano,2.25,,Speciality Tea - Green,1.3,,Babyccino,0.0,Regular,Chai latte,2.3",CASH,5.85,None
23/02/2021 17:51,Isle of Wight,Don Harrell,"Large,Latte,2.45,,Flavoured iced latte - Caramel,2.75,,Speciality Tea - Earl Grey,1.3,Large,Filter coffee,1.8",CASH,8.3,None
23/02/2021 17:52,Isle of Wight,Selma Valverde,",Frappes - Chocolate Cookie,2.75,Large,Espresso,1.8,,Frappes - Chocolate Cookie,2.75,,Speciality Tea - Peppermint,1.3",CARD,8.6,"americanexpress,343579474833612"
23/02/2021 17:53,Isle of Wight,Palmira Peterson,"Large,Americano,2.25,,Flavoured iced latte - Hazelnut,2.75",CASH,5,None
23/02/2021 17:54,Isle of Wight,Robert Doctor,",Speciality Tea - Darjeeling,1.3,Large,Flavoured hot chocolate - Caramel,2.9,,Smoothies - Carrot Kick,2.0,,Frappes - Coffee,2.75",CARD,8.95,"discover,6011446267942513"
23/02/2021 17:55,Isle of Wight,Audrey Hansen,",Iced americano,2.15,,Glass of milk,0.7,,Mocha,2.3,,Smoothies - Berry Beautiful,2.0,,Babyccino,0.0",CASH,7.15,None
23/02/2021 17:56,Isle of Wight,Natasha Yates,"Large,Chai latte,2.6,Large,Flavoured latte - Caramel,2.85,Large,Hot chocolate,2.9",CASH,8.35,None
23/02/2021 17:57,Isle of Wight,Harriette Blackman,"Regular,Hot chocolate,2.2",CASH,2.2,None
23/02/2021 17:58,Isle of Wight,Ramon Salters,"Regular,Americano,1.95,,Flat white,2.15,,Flavoured iced latte - Caramel,2.75",CASH,6.85,None
23/02/2021 17:59,Isle of Wight,Stanley Cordano,",Frappes - Coffee,2.75,,Speciality Tea - Darjeeling,1.3,,Smoothies - Berry Beautiful,2.0,Large,Latte,2.45",CASH,8.5,None
