08/03/2021 08:14,Chesterfield,James Stathopoulos," Flat white - 2.15, Large Flavoured latte - Vanilla - 2.85, Regular Espresso - 1.50, Regular Latte - 2.15",8.65,CARD,4175533418235629
08/03/2021 08:15,Chesterfield,Barbara Hernandez," Cortado - 2.05,  Speciality Tea - Peppermint - 1.30",3.35,CARD,6011565955571597
08/03/2021 08:17,Chesterfield,Tina Krout,"Large Luxury hot chocolate - 2.70, Regular Flavoured latte - Gingerbread - 2.55",5.25,CARD,6011586819141732
08/03/2021 08:19,Chesterfield,Christopher Longhurst," Speciality Tea - Earl Grey - 1.30, Regular Espresso - 1.50",2.80,CARD,6011263491268171
08/03/2021 08:21,Chesterfield,Glenn Walker,"Large Luxury hot chocolate - 2.70,  Cortado - 2.05,  Flat white - 2.15,  Hot Chocolate - 1.40, Large Flavoured hot chocolate - Hazelnut - 2.90",11.20,CARD,4199574227749618
08/03/2021 08:22,Chesterfield,Cherise Young,"Regular Flavoured hot chocolate - Caramel - 2.60, Large Luxury hot chocolate - 2.70,  Flavoured iced latte - Caramel - 2.75, Large Flavoured latte - Hazelnut - 2.85,  Speciality Tea - Fruit - 1.30",12.20,CARD,6011577623822674
08/03/2021 08:24,Chesterfield,Terri Robinson," Flavoured iced latte - Caramel - 2.75, Large Latte - 2.45,  Smoothies - Carrot Kick - 2.00, Regular Luxury hot chocolate - 2.40",9.60,CARD,6011672729242834
08/03/2021 08:26,Chesterfield,Marilyn Garrard, Flavoured iced latte - Caramel - 2.75,2.75,CASH,
08/03/2021 08:28,Chesterfield,Janette Hill," Speciality Tea - English breakfast - 1.30,  Glass of milk - 0.70",2.00,CARD,5465795574521573
08/03/2021 08:29,Chesterfield,Delilah Pope,"Regular Flavoured latte - Gingerbread - 2.55,  Smoothies - Glowing Greens - 2.00, Large Cappuccino - 2.45,  Speciality Tea - Fruit - 1.30",8.30,CARD,4629549951954
08/03/2021 08:31,Chesterfield,Bonnie Munari,"Regular Americano - 1.95,  Speciality Tea - Darjeeling - 1.30,  Speciality Tea - Darjeeling - 1.30, Large Flavoured hot chocolate - Hazelnut - 2.90",7.45,CARD,6011185718439584
08/03/2021 08:33,Chesterfield,Jose Young," Iced americano - 2.15, Regular Flavoured latte - Hazelnut - 2.55,  Speciality Tea - Fruit - 1.30, Large Flavoured latte - Vanilla - 2.85, Large Americano - 2.25",11.10,CASH,
08/03/2021 08:35,Chesterfield,Quinton Melchior,"Regular Flavoured hot chocolate - Caramel - 2.60,  Iced latte - 2.35,  Flavoured iced latte - Caramel - 2.75",7.70,CASH,
08/03/2021 08:36,Chesterfield,Brenda Delgadillo," Hot Chocolate - 1.40,  Red Label tea - 1.20, Large Latte - 2.45, Large Filter coffee - 1.80",6.85,CARD,52311227923371910
08/03/2021 08:38,Chesterfield,Ronald Harrington,"Large Latte - 2.45,  Smoothies - Carrot Kick - 2.00",4.45,CASH,
08/03/2021 08:40,Chesterfield,Edwin Rollins," Iced latte - 2.35,  Red Label tea - 1.20,  Speciality Tea - Peppermint - 1.30",4.85,CARD,346642971656428
08/03/2021 08:42,Chesterfield,Lisa Leef,Large Latte - 2.45,2.45,CASH,
08/03/2021 08:43,Chesterfield,Bessie Myers," Speciality Tea - Darjeeling - 1.30,  Speciality Tea - Camomile - 1.30",2.60,CASH,
08/03/2021 08:45,Chesterfield,Paula Lee,"Large Espresso - 1.80,  Glass of milk - 0.70,  Red Label tea - 1.20",3.70,CARD,5362262168915863
08/03/2021 08:47,Chesterfield,Mary Vandyke, Iced latte - 2.35,2.35,CASH,
08/03/2021 08:49,Chesterfield,Richard Mendoza," Flavoured iced latte - Hazelnut - 2.75, Large Flavoured latte - Gingerbread - 2.85, Large Luxury hot chocolate - 2.70",8.30,CASH,
08/03/2021 08:50,Chesterfield,Lashanda Thompson," Mocha - 2.30,  Flavoured iced latte - Vanilla - 2.75,  Speciality Tea - Peppermint - 1.30, Large Espresso - 1.80",8.15,CARD,6011731147756914
08/03/2021 08:52,Chesterfield,Marc Antoine,"Large Latte - 2.45,  Flat white - 2.15, Large Cappuccino - 2.45,  Frappes - Chocolate Cookie - 2.75, Regular Espresso - 1.50",11.30,CASH,
08/03/2021 08:54,Chesterfield,Velma Hill, Iced latte - 2.35,2.35,CARD,346528774148293
08/03/2021 08:56,Chesterfield,Donna Whitney,Large Flavoured latte - Caramel - 2.85,2.85,CARD,4582378759228487
08/03/2021 08:57,Chesterfield,Orpha Hutcherson," Speciality Tea - Fruit - 1.30,  Mocha - 2.30",3.60,CASH,
08/03/2021 08:59,Chesterfield,Vera Shawver," Smoothies - Berry Beautiful - 2.00,  Babyccino - 0.00,  Flavoured iced latte - Hazelnut - 2.75",4.75,CASH,
08/03/2021 09:01,Chesterfield,Tara Shook,Large Latte - 2.45,2.45,CASH,
08/03/2021 09:03,Chesterfield,Mike Sievers," Flat white - 2.15,  Babyccino - 0.00, Large Chai latte - 2.60, Large Flavoured latte - Caramel - 2.85, Large Flavoured latte - Gingerbread - 2.85",10.45,CARD,364422648999684
08/03/2021 09:04,Chesterfield,Sean Grant,"Large Latte - 2.45,  Flavoured iced latte - Hazelnut - 2.75, Regular Flavoured latte - Vanilla - 2.55,  Red Label tea - 1.20",8.95,CASH,
08/03/2021 09:06,Chesterfield,Gretchen Acoff," Flavoured iced latte - Hazelnut - 2.75,  Cortado - 2.05,  Flavoured iced latte - Caramel - 2.75",7.55,CARD,4622548439444
08/03/2021 09:08,Chesterfield,Thomas Chitwood,"Regular Luxury hot chocolate - 2.40,  Smoothies - Carrot Kick - 2.00, Large Filter coffee - 1.80,  Speciality Tea - Fruit - 1.30",7.50,CARD,4561846487335
08/03/2021 09:10,Chesterfield,Gertrude Abadi," Red Label tea - 1.20, Large Cappuccino - 2.45,  Babyccino - 0.00,  Glass of milk - 0.70, Large Filter coffee - 1.80",6.15,CARD,364362763615618
08/03/2021 09:12,Chesterfield,Warren Linch,"Large Flavoured latte - Caramel - 2.85,  Mocha - 2.30",5.15,CARD,4948187147331
08/03/2021 09:13,Chesterfield,Marilyn Dean," Smoothies - Berry Beautiful - 2.00,  Speciality Tea - English breakfast - 1.30,  Flavoured iced latte - Vanilla - 2.75",6.05,CASH,
08/03/2021 09:15,Chesterfield,Paul Peredo,Large Flavoured hot chocolate - Vanilla - 2.90,2.90,CASH,
08/03/2021 09:17,Chesterfield,Patricia Smith,Regular Luxury hot chocolate - 2.40,2.40,CASH,
08/03/2021 09:19,Chesterfield,Bradley Talley," Flavoured iced latte - Vanilla - 2.75, Large Filter coffee - 1.80,  Flavoured iced latte - Caramel - 2.75,  Smoothies - Glowing Greens - 2.00,  Mocha - 2.30",11.60,CARD,4431992154477185
08/03/2021 09:20,Chesterfield,Keith Salgado," Speciality Tea - Green - 1.30,  Speciality Tea - Earl Grey - 1.30,  Frappes - Chocolate Cookie - 2.75",5.35,CASH,
08/03/2021 09:22,Chesterfield,Doris Earls,"Large Americano - 2.25, Large Espresso - 1.80,  Speciality Tea - Peppermint - 1.30",5.35,CARD,6011422256576513
08/03/2021 09:24,Chesterfield,Sara Talley,"Regular Flavoured latte - Gingerbread - 2.55,  Flavoured iced latte - Vanilla - 2.75,  Flavoured iced latte - Hazelnut - 2.75, Large Flavoured hot chocolate - Vanilla - 2.90,  Frappes - Strawberries & Cream - 2.75",13.70,CASH,
08/03/2021 09:26,Chesterfield,Pamela Hill, Speciality Tea - Darjeeling - 1.30,1.30,CASH,
08/03/2021 09:27,Chesterfield,Yolanda Casey, Speciality Tea - English breakfast - 1.30,1.30,CARD,47181731189710
08/03/2021 09:29,Chesterfield,Walter Torres," Flavoured iced latte - Caramel - 2.75,  Flavoured iced latte - Vanilla - 2.75,  Cortado - 2.05, Regular Luxury hot chocolate - 2.40",9.95,CARD,4592421364961775
08/03/2021 09:31,Chesterfield,Susan Gibler," Glass of milk - 0.70,  Flat white - 2.15",2.85,CARD,5493696712543378
08/03/2021 09:33,Chesterfield,David Mcghee," Frappes - Chocolate Cookie - 2.75, Large Luxury hot chocolate - 2.70,  Flavoured iced latte - Caramel - 2.75, Large Cappuccino - 2.45,  Flavoured iced latte - Vanilla - 2.75",13.40,CASH,
08/03/2021 09:34,Chesterfield,Deanna Mccarthy,"Large Luxury hot chocolate - 2.70,  Speciality Tea - Earl Grey - 1.30",4.00,CASH,
08/03/2021 09:36,Chesterfield,Daniel Brunton,"Regular Flavoured latte - Vanilla - 2.55,  Iced latte - 2.35,  Iced latte - 2.35,  Glass of milk - 0.70",7.95,CARD,355681271966861
08/03/2021 09:38,Chesterfield,Larry Scott,Large Luxury hot chocolate - 2.70,2.70,CARD,4715546316722487
08/03/2021 09:40,Chesterfield,Maryann Engstrom," Hot Chocolate - 1.40,  Flavoured iced latte - Caramel - 2.75,  Speciality Tea - Fruit - 1.30",5.45,CARD,4263292791134
08/03/2021 09:41,Chesterfield,Jamie Meadors," Flavoured iced latte - Caramel - 2.75, Large Flavoured latte - Hazelnut - 2.85, Large Cappuccino - 2.45, Large Chai latte - 2.60",10.65,CASH,
08/03/2021 09:43,Chesterfield,Brenda Hobbs," Speciality Tea - Peppermint - 1.30,  Speciality Tea - English breakfast - 1.30,  Speciality Tea - Fruit - 1.30",3.90,CASH,
08/03/2021 09:45,Chesterfield,Ronald Pope,"Large Americano - 2.25,  Frappes - Strawberries & Cream - 2.75",5.00,CASH,
08/03/2021 09:47,Chesterfield,Keith Bradley, Red Label tea - 1.20,1.20,CASH,
08/03/2021 09:48,Chesterfield,Ross Randall," Frappes - Coffee - 2.75,  Smoothies - Berry Beautiful - 2.00,  Flavoured iced latte - Caramel - 2.75,  Glass of milk - 0.70",8.20,CARD,4665291167357
08/03/2021 09:50,Chesterfield,Karen Valdes," Iced americano - 2.15, Large Flavoured latte - Hazelnut - 2.85, Large Flavoured hot chocolate - Caramel - 2.90",7.90,CARD,3719482438842610
08/03/2021 09:52,Chesterfield,Chang Tatum," Smoothies - Berry Beautiful - 2.00,  Flavoured iced latte - Hazelnut - 2.75,  Frappes - Chocolate Cookie - 2.75, Large Flavoured latte - Hazelnut - 2.85",10.35,CARD,3742299973863410
08/03/2021 09:54,Chesterfield,Jason Dick," Frappes - Strawberries & Cream - 2.75,  Frappes - Coffee - 2.75,  Smoothies - Berry Beautiful - 2.00",7.50,CARD,375266699252593
08/03/2021 09:55,Chesterfield,Donald Piccinini," Red Label tea - 1.20, Regular Latte - 2.15,  Frappes - Chocolate Cookie - 2.75",6.10,CARD,4733579661935576
08/03/2021 09:57,Chesterfield,Edward Mathis,"Large Latte - 2.45,  Flavoured iced latte - Caramel - 2.75,  Speciality Tea - Darjeeling - 1.30,  Smoothies - Berry Beautiful - 2.00",8.50,CASH,
08/03/2021 09:59,Chesterfield,Maria Agnew," Smoothies - Glowing Greens - 2.00, Regular Latte - 2.15, Large Flavoured hot chocolate - Vanilla - 2.90,  Smoothies - Carrot Kick - 2.00,  Glass of milk - 0.70",9.75,CASH,
08/03/2021 10:01,Chesterfield,Ricardo Anthony," Iced latte - 2.35,  Speciality Tea - Earl Grey - 1.30,  Mocha - 2.30",5.95,CARD,48392294245881710
08/03/2021 10:02,Chesterfield,Brent Olivas," Flat white - 2.15,  Flat white - 2.15, Large Flavoured hot chocolate - Caramel - 2.90,  Glass of milk - 0.70, Large Filter coffee - 1.80",9.70,CARD,5599825388387694
08/03/2021 10:03,Chesterfield,Stewart Deshong,"Large Hot chocolate - 2.90,  Iced americano - 2.15, Large Americano - 2.25, Regular Hot chocolate - 2.20,  Flavoured iced latte - Hazelnut - 2.75",12.25,CASH,
08/03/2021 10:04,Chesterfield,Nina Bradley,"Large Flavoured hot chocolate - Caramel - 2.90,  Smoothies - Berry Beautiful - 2.00, Regular Cappuccino - 2.15,  Iced americano - 2.15",9.20,CARD,5129278388595545
08/03/2021 10:05,Chesterfield,Clark Muscarella,"Regular Hot chocolate - 2.20, Large Cappuccino - 2.45,  Speciality Tea - English breakfast - 1.30,  Flat white - 2.15",8.10,CARD,5572823556475459
08/03/2021 10:06,Chesterfield,Curtis Mcintosh," Frappes - Chocolate Cookie - 2.75, Large Flavoured latte - Hazelnut - 2.85, Large Hot chocolate - 2.90",8.50,CARD,5175628561564937
08/03/2021 10:07,Chesterfield,Helen Conley, Speciality Tea - Fruit - 1.30,1.30,CASH,
08/03/2021 10:08,Chesterfield,Fred Bonifacio," Frappes - Chocolate Cookie - 2.75,  Iced latte - 2.35",5.10,CASH,
08/03/2021 10:09,Chesterfield,Bruce Flesher," Flavoured iced latte - Caramel - 2.75,  Frappes - Strawberries & Cream - 2.75,  Smoothies - Glowing Greens - 2.00,  Flavoured iced latte - Hazelnut - 2.75",10.25,CASH,
08/03/2021 10:10,Chesterfield,Edna Simon," Flavoured iced latte - Caramel - 2.75,  Speciality Tea - Darjeeling - 1.30, Large Latte - 2.45",6.50,CARD,6011739194457849
08/03/2021 10:11,Chesterfield,Roger Watkins,"Large Flavoured latte - Caramel - 2.85,  Flavoured iced latte - Hazelnut - 2.75,  Speciality Tea - Camomile - 1.30,  Flavoured iced latte - Vanilla - 2.75",9.65,CARD,5337148758516876
08/03/2021 10:12,Chesterfield,Wanda Griffy,Large Flavoured latte - Vanilla - 2.85,2.85,CASH,
08/03/2021 10:13,Chesterfield,Leon Mitchell,Regular Latte - 2.15,2.15,CASH,
08/03/2021 10:14,Chesterfield,Tyler Dover, Frappes - Chocolate Cookie - 2.75,2.75,CARD,4138977864549
08/03/2021 10:15,Chesterfield,Nicholas Velez,"Large Flavoured latte - Vanilla - 2.85,  Frappes - Coffee - 2.75,  Speciality Tea - Darjeeling - 1.30,  Iced latte - 2.35",9.25,CASH,
08/03/2021 10:16,Chesterfield,Ernie Flores,"Large Flavoured hot chocolate - Caramel - 2.90,  Speciality Tea - Camomile - 1.30,  Flat white - 2.15,  Flat white - 2.15,  Red Label tea - 1.20",9.70,CASH,
08/03/2021 10:18,Chesterfield,Herminia Barut," Smoothies - Carrot Kick - 2.00,  Smoothies - Berry Beautiful - 2.00, Regular Flavoured latte - Hazelnut - 2.55,  Flat white - 2.15",8.70,CARD,349479193468762
08/03/2021 10:19,Chesterfield,Maria Sharpe,Regular Flavoured latte - Hazelnut - 2.55,2.55,CARD,5353535495772151
08/03/2021 10:20,Chesterfield,Ralph Thompson," Flavoured iced latte - Hazelnut - 2.75, Regular Latte - 2.15, Large Luxury hot chocolate - 2.70,  Frappes - Chocolate Cookie - 2.75,  Smoothies - Glowing Greens - 2.00",12.35,CARD,5581265614541626
08/03/2021 10:21,Chesterfield,Felicia Renken,"Large Espresso - 1.80, Large Flavoured latte - Gingerbread - 2.85",4.65,CASH,
08/03/2021 10:22,Chesterfield,Robert Wade, Flavoured iced latte - Caramel - 2.75,2.75,CARD,6011942483842842
08/03/2021 10:23,Chesterfield,John Stiltner," Babyccino - 0.00,  Flavoured iced latte - Hazelnut - 2.75,  Flavoured iced latte - Vanilla - 2.75, Large Hot chocolate - 2.90",8.40,CARD,353628994669134
08/03/2021 10:24,Chesterfield,Marilyn Ross, Smoothies - Glowing Greens - 2.00,2.00,CARD,6011133442794239
08/03/2021 10:25,Chesterfield,Ernest Garrison," Babyccino - 0.00,  Speciality Tea - Green - 1.30,  Speciality Tea - Peppermint - 1.30,  Mocha - 2.30",4.90,CASH,
08/03/2021 10:26,Chesterfield,Shari Mccain," Speciality Tea - Peppermint - 1.30,  Flavoured iced latte - Vanilla - 2.75",4.05,CARD,5521781697562415
08/03/2021 10:27,Chesterfield,James Rochon," Iced americano - 2.15,  Flat white - 2.15, Large Flavoured latte - Caramel - 2.85, Regular Espresso - 1.50, Large Espresso - 1.80",10.45,CASH,
08/03/2021 10:28,Chesterfield,Tara Mason, Speciality Tea - English breakfast - 1.30,1.30,CARD,343134712493629
08/03/2021 10:29,Chesterfield,Marvin Clapper, Flavoured iced latte - Hazelnut - 2.75,2.75,CARD,6011918478399956
08/03/2021 10:30,Chesterfield,Mary Garner,"Large Luxury hot chocolate - 2.70,  Flavoured iced latte - Vanilla - 2.75,  Iced americano - 2.15,  Flat white - 2.15",9.75,CASH,
08/03/2021 10:31,Chesterfield,John Anderson," Frappes - Strawberries & Cream - 2.75, Large Hot chocolate - 2.90,  Flavoured iced latte - Hazelnut - 2.75,  Speciality Tea - Earl Grey - 1.30,  Glass of milk - 0.70",10.40,CARD,4321924814843988
08/03/2021 10:32,Chesterfield,Betty Vanvalkenburg," Smoothies - Carrot Kick - 2.00,  Flavoured iced latte - Hazelnut - 2.75,  Flavoured iced latte - Caramel - 2.75,  Babyccino - 0.00",7.50,CASH,
08/03/2021 10:33,Chesterfield,Mary Padilla, Iced latte - 2.35,2.35,CARD,5448465773139393
08/03/2021 10:34,Chesterfield,Brenda Holler," Speciality Tea - Peppermint - 1.30,  Hot Chocolate - 1.40,  Speciality Tea - English breakfast - 1.30,  Flat white - 2.15, Regular Luxury hot chocolate - 2.40",8.55,CASH,
08/03/2021 10:35,Chesterfield,Carmen Hutzler, Cortado - 2.05,2.05,CARD,4167143142627552
08/03/2021 10:36,Chesterfield,Lisa Kozak,"Large Filter coffee - 1.80,  Flat white - 2.15,  Babyccino - 0.00,  Flat white - 2.15",6.10,CARD,4486876882314
08/03/2021 10:37,Chesterfield,Sirena Strause,"Regular Flavoured latte - Vanilla - 2.55, Large Americano - 2.25,  Red Label tea - 1.20",6.00,CARD,6011239249394113
08/03/2021 10:39,Chesterfield,Jason Foley," Flavoured iced latte - Hazelnut - 2.75,  Babyccino - 0.00",2.75,CARD,4192511654593
08/03/2021 10:40,Chesterfield,Scott Simmons,"Large Latte - 2.45,  Flavoured iced latte - Caramel - 2.75, Large Latte - 2.45,  Cortado - 2.05",9.70,CARD,4133596493246895
08/03/2021 10:41,Chesterfield,Robert Flynn,"Large Chai latte - 2.60, Regular Flavoured hot chocolate - Caramel - 2.60,  Flavoured iced latte - Vanilla - 2.75, Large Latte - 2.45",10.40,CARD,6011955526165799
08/03/2021 10:42,Chesterfield,Paul Sanderlin," Hot Chocolate - 1.40,  Frappes - Coffee - 2.75",4.15,CARD,3498618857764310
08/03/2021 10:43,Chesterfield,Terrence Bowen," Frappes - Chocolate Cookie - 2.75, Large Flavoured latte - Vanilla - 2.85,  Flavoured iced latte - Hazelnut - 2.75",8.35,CARD,45484665691219110
08/03/2021 10:44,Chesterfield,Ginger Goracke,"Large Americano - 2.25,  Cortado - 2.05, Regular Flavoured latte - Hazelnut - 2.55,  Flavoured iced latte - Caramel - 2.75, Large Flavoured latte - Hazelnut - 2.85",12.45,CASH,
08/03/2021 10:45,Chesterfield,Victor Rice," Flavoured iced latte - Caramel - 2.75,  Babyccino - 0.00, Large Espresso - 1.80,  Iced latte - 2.35",6.90,CASH,
08/03/2021 10:46,Chesterfield,Donna Big," Speciality Tea - Camomile - 1.30,  Glass of milk - 0.70,  Flavoured iced latte - Vanilla - 2.75",4.75,CARD,4146444315971736
08/03/2021 10:47,Chesterfield,Donald Watts," Speciality Tea - Earl Grey - 1.30, Large Flavoured latte - Gingerbread - 2.85, Large Flavoured latte - Gingerbread - 2.85,  Speciality Tea - Darjeeling - 1.30",8.30,CARD,4675894747427187
08/03/2021 10:48,Chesterfield,Julia Harden," Speciality Tea - Peppermint - 1.30,  Frappes - Coffee - 2.75",4.05,CARD,347221665955781
08/03/2021 10:49,Chesterfield,Vincent Stokes," Speciality Tea - Fruit - 1.30,  Flat white - 2.15, Regular Flavoured latte - Hazelnut - 2.55, Large Flavoured hot chocolate - Vanilla - 2.90",8.90,CARD,6011641278685123
08/03/2021 10:50,Chesterfield,Courtney Mata," Red Label tea - 1.20,  Frappes - Strawberries & Cream - 2.75",3.95,CARD,3764455265311510
08/03/2021 10:51,Chesterfield,Joe Campbell,"Large Flavoured latte - Caramel - 2.85, Large Flavoured latte - Gingerbread - 2.85",5.70,CARD,6011893755584846
08/03/2021 10:52,Chesterfield,Jason Sunderland," Flavoured iced latte - Hazelnut - 2.75,  Smoothies - Carrot Kick - 2.00",4.75,CASH,
08/03/2021 10:53,Chesterfield,Heather Brown," Frappes - Chocolate Cookie - 2.75,  Speciality Tea - English breakfast - 1.30, Regular Flavoured latte - Hazelnut - 2.55, Large Flavoured latte - Vanilla - 2.85,  Frappes - Chocolate Cookie - 2.75",12.20,CASH,
08/03/2021 10:54,Chesterfield,August Gagnon," Speciality Tea - Darjeeling - 1.30, Large Flavoured latte - Caramel - 2.85,  Smoothies - Berry Beautiful - 2.00,  Babyccino - 0.00",6.15,CASH,
08/03/2021 10:55,Chesterfield,Maria Peterson,"Large Luxury hot chocolate - 2.70,  Hot Chocolate - 1.40, Large Latte - 2.45",6.55,CARD,4927653247254
08/03/2021 10:56,Chesterfield,Robert Rice,"Regular Flavoured hot chocolate - Caramel - 2.60,  Babyccino - 0.00, Regular Hot chocolate - 2.20,  Hot Chocolate - 1.40,  Speciality Tea - Peppermint - 1.30",7.50,CARD,5543467698125238
08/03/2021 10:57,Chesterfield,Vicki Walz," Flat white - 2.15,  Speciality Tea - Camomile - 1.30,  Flavoured iced latte - Caramel - 2.75, Regular Filter coffee - 1.50",7.70,CASH,
08/03/2021 10:58,Chesterfield,James Seaton," Mocha - 2.30,  Flat white - 2.15, Regular Americano - 1.95,  Iced latte - 2.35,  Iced americano - 2.15",10.90,CASH,
08/03/2021 11:00,Chesterfield,Roland Gibson,"Regular Luxury hot chocolate - 2.40, Large Chai latte - 2.60,  Speciality Tea - English breakfast - 1.30, Large Latte - 2.45,  Hot Chocolate - 1.40",10.15,CARD,4812954186387
08/03/2021 11:00,Chesterfield,Julius Williams," Frappes - Coffee - 2.75,  Mocha - 2.30",5.05,CASH,
08/03/2021 11:00,Chesterfield,Patrick Willis," Flat white - 2.15,  Speciality Tea - Earl Grey - 1.30, Large Flavoured hot chocolate - Hazelnut - 2.90, Large Luxury hot chocolate - 2.70, Large Latte - 2.45",11.50,CARD,4414692676918
08/03/2021 11:01,Chesterfield,Joan Dollard," Iced latte - 2.35,  Speciality Tea - Fruit - 1.30,  Hot Chocolate - 1.40,  Flavoured iced latte - Hazelnut - 2.75",7.80,CASH,
08/03/2021 11:01,Chesterfield,Vera Neale,"Regular Latte - 2.15, Large Chai latte - 2.60,  Speciality Tea - Peppermint - 1.30",6.05,CARD,4245838832224943
08/03/2021 11:02,Chesterfield,Loraine Wolfe," Iced latte - 2.35,  Cortado - 2.05,  Speciality Tea - Green - 1.30,  Glass of milk - 0.70",6.40,CASH,
08/03/2021 11:02,Chesterfield,Zora Bangert,"Large Americano - 2.25,  Speciality Tea - English breakfast - 1.30",3.55,CASH,
08/03/2021 11:03,Chesterfield,Joan Burroughs," Iced americano - 2.15, Regular Flavoured latte - Hazelnut - 2.55,  Speciality Tea - Fruit - 1.30,  Smoothies - Berry Beautiful - 2.00",8.00,CASH,
08/03/2021 11:03,Chesterfield,Paula Wright," Speciality Tea - Fruit - 1.30,  Red Label tea - 1.20",2.50,CASH,
08/03/2021 11:04,Chesterfield,Sharon Forker," Speciality Tea - Peppermint - 1.30,  Iced latte - 2.35, Large Luxury hot chocolate - 2.70, Large Flavoured hot chocolate - Vanilla - 2.90,  Flat white - 2.15",11.40,CARD,6011472546624771
08/03/2021 11:04,Chesterfield,Alex Langley,"Regular Flavoured latte - Gingerbread - 2.55,  Red Label tea - 1.20,  Flavoured iced latte - Vanilla - 2.75,  Speciality Tea - Green - 1.30,  Iced latte - 2.35",10.15,CARD,6011154641771935
08/03/2021 11:05,Chesterfield,Catarina Scott,Regular Flavoured latte - Gingerbread - 2.55,2.55,CASH,
08/03/2021 11:05,Chesterfield,Barbara Peoples,"Large Espresso - 1.80,  Smoothies - Carrot Kick - 2.00,  Flat white - 2.15",5.95,CARD,5131514666151742
08/03/2021 11:06,Chesterfield,Sherri Burns," Speciality Tea - Darjeeling - 1.30, Large Americano - 2.25,  Babyccino - 0.00, Large Filter coffee - 1.80",5.35,CARD,6011639591256515
08/03/2021 11:06,Chesterfield,Julia Emory,"Large Flavoured hot chocolate - Hazelnut - 2.90,  Flavoured iced latte - Hazelnut - 2.75,  Flat white - 2.15,  Smoothies - Glowing Greens - 2.00, Large Flavoured latte - Hazelnut - 2.85",12.65,CARD,4344368279574
08/03/2021 11:07,Chesterfield,Edward Espada,Large Flavoured hot chocolate - Vanilla - 2.90,2.90,CASH,
08/03/2021 11:07,Chesterfield,Sharon Martinez," Frappes - Coffee - 2.75,  Flavoured iced latte - Vanilla - 2.75, Regular Flavoured hot chocolate - Caramel - 2.60",8.10,CASH,
08/03/2021 11:08,Chesterfield,Mark Scerbo," Babyccino - 0.00,  Flavoured iced latte - Vanilla - 2.75",2.75,CARD,4676524348326
08/03/2021 11:08,Chesterfield,Samantha Barnes," Speciality Tea - Camomile - 1.30,  Flat white - 2.15, Large Hot chocolate - 2.90",6.35,CARD,4123243516814712
08/03/2021 11:09,Chesterfield,Robin Neff," Flavoured iced latte - Hazelnut - 2.75,  Frappes - Strawberries & Cream - 2.75,  Speciality Tea - Darjeeling - 1.30, Large Chai latte - 2.60,  Mocha - 2.30",11.70,CARD,4555382469483
08/03/2021 11:09,Chesterfield,Sherryl Shary," Cortado - 2.05, Regular Flavoured latte - Hazelnut - 2.55,  Smoothies - Berry Beautiful - 2.00,  Speciality Tea - English breakfast - 1.30",7.90,CASH,
08/03/2021 11:10,Chesterfield,Brittany Hair, Frappes - Chocolate Cookie - 2.75,2.75,CARD,6011653415981554
08/03/2021 11:10,Chesterfield,Walter Abbott," Cortado - 2.05, Regular Cappuccino - 2.15,  Hot Chocolate - 1.40, Large Cappuccino - 2.45,  Iced americano - 2.15",10.20,CARD,6011813473645513
08/03/2021 11:11,Chesterfield,Rocio Stahl," Flavoured iced latte - Caramel - 2.75,  Speciality Tea - English breakfast - 1.30, Large Chai latte - 2.60",6.65,CASH,
08/03/2021 11:11,Chesterfield,Steven Massengale," Speciality Tea - Camomile - 1.30, Large Latte - 2.45,  Speciality Tea - Earl Grey - 1.30, Large Americano - 2.25",7.30,CASH,
08/03/2021 11:12,Chesterfield,Mike Riddle," Speciality Tea - Fruit - 1.30,  Smoothies - Carrot Kick - 2.00",3.30,CARD,6011259329977264
08/03/2021 11:12,Chesterfield,Margaret Blank,"Large Chai latte - 2.60, Large Americano - 2.25, Large Flavoured latte - Hazelnut - 2.85,  Iced americano - 2.15,  Speciality Tea - Camomile - 1.30",11.15,CARD,4128765327759
08/03/2021 11:13,Chesterfield,Constance Fernandez," Flavoured iced latte - Caramel - 2.75,  Flavoured iced latte - Vanilla - 2.75,  Flavoured iced latte - Vanilla - 2.75, Large Flavoured hot chocolate - Hazelnut - 2.90",11.15,CASH,
08/03/2021 11:13,Chesterfield,Terry Schwartz,"Large Espresso - 1.80, Large Flavoured hot chocolate - Hazelnut - 2.90,  Smoothies - Carrot Kick - 2.00,  Flavoured iced latte - Caramel - 2.75",9.45,CASH,
08/03/2021 11:14,Chesterfield,John Robinson," Frappes - Coffee - 2.75, Large Flavoured latte - Hazelnut - 2.85,  Smoothies - Glowing Greens - 2.00",7.60,CARD,44415227746319910
08/03/2021 11:14,Chesterfield,John Norris,"Large Hot chocolate - 2.90,  Speciality Tea - Darjeeling - 1.30",4.20,CASH,
08/03/2021 11:15,Chesterfield,Deborah Bradly," Frappes - Chocolate Cookie - 2.75, Large Flavoured latte - Hazelnut - 2.85,  Hot Chocolate - 1.40, Large Americano - 2.25,  Glass of milk - 0.70",9.95,CARD,4314256273427
08/03/2021 11:15,Chesterfield,Shane Scipio,Regular Americano - 1.95,1.95,CASH,
08/03/2021 11:15,Chesterfield,Frank Vranicar,"Regular Flavoured hot chocolate - Vanilla - 2.60,  Cortado - 2.05,  Smoothies - Carrot Kick - 2.00",6.65,CARD,5341448427926124
08/03/2021 11:16,Chesterfield,Vivian Aldridge,"Regular Hot chocolate - 2.20,  Speciality Tea - Camomile - 1.30, Regular Luxury hot chocolate - 2.40,  Mocha - 2.30, Large Latte - 2.45",10.65,CASH,
08/03/2021 11:16,Chesterfield,Arthur Rich,"Large Flavoured latte - Caramel - 2.85, Large Latte - 2.45",5.30,CASH,
08/03/2021 11:17,Chesterfield,Adele Wilkes," Red Label tea - 1.20,  Flavoured iced latte - Hazelnut - 2.75,  Frappes - Coffee - 2.75,  Smoothies - Glowing Greens - 2.00",8.70,CASH,
08/03/2021 11:17,Chesterfield,Catherine Watson," Flat white - 2.15,  Flavoured iced latte - Vanilla - 2.75,  Speciality Tea - Darjeeling - 1.30",6.20,CARD,4181849145476365
08/03/2021 11:18,Chesterfield,Mike Little," Speciality Tea - English breakfast - 1.30,  Frappes - Strawberries & Cream - 2.75, Large Flavoured hot chocolate - Vanilla - 2.90",6.95,CASH,
08/03/2021 11:18,Chesterfield,Jennifer Watson," Flat white - 2.15, Large Cappuccino - 2.45,  Flavoured iced latte - Hazelnut - 2.75,  Speciality Tea - Darjeeling - 1.30",8.65,CARD,5298575889821139
08/03/2021 11:19,Chesterfield,Angela Torres,Large Flavoured latte - Gingerbread - 2.85,2.85,CARD,4223757297233
08/03/2021 11:19,Chesterfield,Dianne Williams," Iced latte - 2.35, Large Espresso - 1.80",4.15,CASH,
08/03/2021 11:20,Chesterfield,John Jacquez,"Large Americano - 2.25, Large Filter coffee - 1.80,  Frappes - Coffee - 2.75,  Cortado - 2.05",8.85,CARD,358262814123539
08/03/2021 11:20,Chesterfield,Carol Resendez," Speciality Tea - Darjeeling - 1.30,  Frappes - Coffee - 2.75, Large Flavoured latte - Hazelnut - 2.85",6.90,CARD,6011916835564999
08/03/2021 11:21,Chesterfield,Timothy Heath," Speciality Tea - Green - 1.30,  Mocha - 2.30, Regular Chai latte - 2.30, Large Latte - 2.45",8.35,CASH,
08/03/2021 11:21,Chesterfield,Octavio Allsbrook," Flavoured iced latte - Hazelnut - 2.75,  Smoothies - Carrot Kick - 2.00",4.75,CARD,4214741939964212
08/03/2021 11:22,Chesterfield,Curtis Sumbry," Flat white - 2.15, Large Flavoured latte - Caramel - 2.85,  Speciality Tea - English breakfast - 1.30,  Flat white - 2.15,  Hot Chocolate - 1.40",9.85,CARD,4221123336425231
08/03/2021 11:22,Chesterfield,Melinda Lewis,"Regular Espresso - 1.50, Large Flavoured hot chocolate - Vanilla - 2.90,  Flat white - 2.15,  Babyccino - 0.00,  Speciality Tea - English breakfast - 1.30",7.85,CARD,353996196358685
08/03/2021 11:23,Chesterfield,Walter Sommerfield,"Large Flavoured latte - Caramel - 2.85,  Glass of milk - 0.70, Regular Chai latte - 2.30",5.85,CASH,
08/03/2021 11:23,Chesterfield,Emma Bogle, Speciality Tea - Darjeeling - 1.30,1.30,CARD,4971959734435674
08/03/2021 11:24,Chesterfield,James Thrasher," Frappes - Coffee - 2.75, Large Latte - 2.45, Large Flavoured latte - Vanilla - 2.85",8.05,CASH,
08/03/2021 11:24,Chesterfield,Gary Delrosso,Regular Flavoured latte - Hazelnut - 2.55,2.55,CARD,6011743568765399
08/03/2021 11:25,Chesterfield,Robert Bruce,"Regular Cappuccino - 2.15, Large Cappuccino - 2.45",4.60,CASH,
08/03/2021 11:25,Chesterfield,Joe Steele,Large Flavoured hot chocolate - Caramel - 2.90,2.90,CARD,342774316862132
08/03/2021 11:26,Chesterfield,Jonathan Rousey,"Regular Espresso - 1.50,  Speciality Tea - Peppermint - 1.30",2.80,CASH,
08/03/2021 11:26,Chesterfield,John Sanchez," Flavoured iced latte - Caramel - 2.75,  Red Label tea - 1.20, Large Latte - 2.45,  Flavoured iced latte - Caramel - 2.75",9.15,CARD,4932964511612
08/03/2021 11:27,Chesterfield,Herbert Nelson,"Regular Latte - 2.15, Regular Flavoured hot chocolate - Caramel - 2.60",4.75,CARD,355261662954964
08/03/2021 11:27,Chesterfield,Donald Rosado," Cortado - 2.05, Large Flavoured hot chocolate - Vanilla - 2.90, Large Flavoured latte - Vanilla - 2.85",7.80,CASH,
08/03/2021 11:28,Chesterfield,Edna Manley," Hot Chocolate - 1.40, Large Latte - 2.45,  Speciality Tea - Camomile - 1.30, Large Luxury hot chocolate - 2.70",7.85,CASH,
08/03/2021 11:28,Chesterfield,Kris Anderson,Large Luxury hot chocolate - 2.70,2.70,CASH,
08/03/2021 11:29,Chesterfield,David Bosio,"Large Flavoured latte - Vanilla - 2.85,  Hot Chocolate - 1.40,  Speciality Tea - Earl Grey - 1.30,  Flavoured iced latte - Vanilla - 2.75,  Speciality Tea - Green - 1.30",9.60,CARD,5347162323891928
08/03/2021 11:29,Chesterfield,Eli Nicholas, Flavoured iced latte - Vanilla - 2.75,2.75,CARD,4389987627513
08/03/2021 11:29,Chesterfield,Jennifer Mcfadden," Speciality Tea - Camomile - 1.30, Regular Latte - 2.15,  Frappes - Chocolate Cookie - 2.75, Large Flavoured hot chocolate - Caramel - 2.90, Large Flavoured latte - Vanilla - 2.85",11.95,CASH,
08/03/2021 11:30,Chesterfield,Russel Williams," Flavoured iced latte - Hazelnut - 2.75,  Smoothies - Carrot Kick - 2.00,  Iced latte - 2.35",7.10,CARD,6011416294363975
08/03/2021 11:30,Chesterfield,Thelma Zahm," Hot Chocolate - 1.40, Large Flavoured hot chocolate - Caramel - 2.90",4.30,CARD,374587264761176
08/03/2021 11:31,Chesterfield,Andrea Woodland,"Regular Latte - 2.15,  Speciality Tea - Darjeeling - 1.30, Regular Flavoured latte - Caramel - 2.55,  Frappes - Chocolate Cookie - 2.75",8.75,CARD,4227668469419
08/03/2021 11:31,Chesterfield,Alfred Maher,"Large Espresso - 1.80,  Iced americano - 2.15, Regular Flavoured hot chocolate - Caramel - 2.60",6.55,CARD,4839151366397
08/03/2021 11:32,Chesterfield,John Dunnam," Flavoured iced latte - Hazelnut - 2.75, Regular Espresso - 1.50, Large Flavoured latte - Hazelnut - 2.85, Large Americano - 2.25, Large Latte - 2.45",11.80,CASH,
08/03/2021 11:32,Chesterfield,Emily Luke," Flat white - 2.15, Large Latte - 2.45,  Glass of milk - 0.70, Large Flavoured latte - Hazelnut - 2.85,  Flavoured iced latte - Vanilla - 2.75",10.90,CARD,353676689655751
08/03/2021 11:33,Chesterfield,Ruth Bryant,"Large Espresso - 1.80,  Flavoured iced latte - Vanilla - 2.75, Large Cappuccino - 2.45",7.00,CASH,
08/03/2021 11:33,Chesterfield,Charlie Streett," Flavoured iced latte - Vanilla - 2.75,  Hot Chocolate - 1.40",4.15,CARD,5474482254117753
08/03/2021 11:34,Chesterfield,Ruben Mcglinchey,Large Americano - 2.25,2.25,CASH,
08/03/2021 11:34,Chesterfield,Lois Henderson,"Large Latte - 2.45,  Babyccino - 0.00,  Flavoured iced latte - Vanilla - 2.75",5.20,CASH,
08/03/2021 11:35,Chesterfield,Julian England,"Large Flavoured latte - Gingerbread - 2.85,  Smoothies - Glowing Greens - 2.00, Large Latte - 2.45",7.30,CASH,
08/03/2021 11:35,Chesterfield,Joseph Jenkins," Speciality Tea - Peppermint - 1.30,  Flat white - 2.15, Large Latte - 2.45, Large Flavoured latte - Gingerbread - 2.85,  Smoothies - Berry Beautiful - 2.00",10.75,CARD,379961529736916
08/03/2021 11:36,Chesterfield,Jamal Osborn," Flat white - 2.15, Large Espresso - 1.80, Large Filter coffee - 1.80,  Smoothies - Berry Beautiful - 2.00, Large Filter coffee - 1.80",9.55,CASH,
08/03/2021 11:36,Chesterfield,Steven Gonzalez," Speciality Tea - Green - 1.30,  Speciality Tea - Peppermint - 1.30,  Red Label tea - 1.20",3.80,CARD,4596486662615197
08/03/2021 11:37,Chesterfield,Marvin Brophy,"Large Flavoured latte - Caramel - 2.85,  Cortado - 2.05",4.90,CASH,
08/03/2021 11:37,Chesterfield,Maria Lynch," Babyccino - 0.00,  Speciality Tea - Green - 1.30,  Speciality Tea - Peppermint - 1.30, Large Flavoured latte - Hazelnut - 2.85",5.45,CARD,4211777759985
08/03/2021 11:38,Chesterfield,Mary Guay, Frappes - Coffee - 2.75,2.75,CASH,
08/03/2021 11:38,Chesterfield,Nancy Laverdiere,Large Chai latte - 2.60,2.60,CASH,
08/03/2021 11:39,Chesterfield,Frances Jessup," Speciality Tea - Fruit - 1.30, Large Latte - 2.45,  Flavoured iced latte - Vanilla - 2.75, Large Hot chocolate - 2.90, Large Flavoured hot chocolate - Vanilla - 2.90",12.30,CARD,373755829161916
08/03/2021 11:39,Chesterfield,Marvin Bernier, Speciality Tea - Camomile - 1.30,1.30,CASH,
08/03/2021 11:40,Chesterfield,Wayne Sanders,Large Flavoured latte - Caramel - 2.85,2.85,CARD,4525989919412546
08/03/2021 11:40,Chesterfield,James Swanberg,"Large Flavoured latte - Caramel - 2.85,  Smoothies - Berry Beautiful - 2.00, Regular Cappuccino - 2.15,  Red Label tea - 1.20,  Red Label tea - 1.20",9.40,CASH,
08/03/2021 11:41,Chesterfield,Rosella Hazard," Speciality Tea - Peppermint - 1.30,  Smoothies - Glowing Greens - 2.00,  Flavoured iced latte - Hazelnut - 2.75,  Speciality Tea - Fruit - 1.30, Regular Latte - 2.15",9.50,CARD,60116875258369110
08/03/2021 11:41,Chesterfield,Floyd Rivera,"Large Chai latte - 2.60,  Speciality Tea - Earl Grey - 1.30,  Iced americano - 2.15",6.05,CASH,
08/03/2021 11:42,Chesterfield,Henry Lesser,Large Luxury hot chocolate - 2.70,2.70,CARD,6011911488178353
08/03/2021 11:42,Chesterfield,Timothy Plemons," Frappes - Strawberries & Cream - 2.75,  Speciality Tea - Green - 1.30, Large Flavoured latte - Hazelnut - 2.85",6.90,CASH,
08/03/2021 11:43,Chesterfield,Edward Ball,Regular Chai latte - 2.30,2.30,CARD,368135456329796
08/03/2021 11:43,Chesterfield,Walter Mosier, Iced latte - 2.35,2.35,CARD,4791443366299
08/03/2021 11:44,Chesterfield,Marsha Ford," Flavoured iced latte - Vanilla - 2.75,  Speciality Tea - Fruit - 1.30, Large Flavoured hot chocolate - Caramel - 2.90",6.95,CASH,
08/03/2021 11:44,Chesterfield,Patricia Lee," Speciality Tea - Peppermint - 1.30,  Speciality Tea - Fruit - 1.30",2.60,CARD,6011552687842199
08/03/2021 11:44,Chesterfield,Stephanie Newlan," Smoothies - Glowing Greens - 2.00, Large Flavoured latte - Vanilla - 2.85",4.85,CARD,55188678182143110
08/03/2021 11:45,Chesterfield,Pearl Mangino, Flat white - 2.15,2.15,CASH,
08/03/2021 11:45,Chesterfield,Tamara Liscomb,Large Flavoured latte - Hazelnut - 2.85,2.85,CARD,4954673991158
08/03/2021 11:46,Chesterfield,Jacqueline Bode," Flavoured iced latte - Hazelnut - 2.75,  Flavoured iced latte - Hazelnut - 2.75",5.50,CASH,
08/03/2021 11:46,Chesterfield,Susan Long,"Regular Filter coffee - 1.50, Large Americano - 2.25,  Speciality Tea - Earl Grey - 1.30,  Cortado - 2.05",7.10,CASH,
08/03/2021 11:47,Chesterfield,Corinne Page,"Regular Flavoured hot chocolate - Vanilla - 2.60,  Flavoured iced latte - Vanilla - 2.75, Large Flavoured latte - Gingerbread - 2.85,  Smoothies - Berry Beautiful - 2.00,  Hot Chocolate - 1.40",11.60,CARD,4798553488323318
08/03/2021 11:47,Chesterfield,Camille Fox, Iced americano - 2.15,2.15,CASH,
08/03/2021 11:48,Chesterfield,George Delaney," Speciality Tea - Fruit - 1.30,  Iced latte - 2.35",3.65,CASH,
08/03/2021 11:48,Chesterfield,William Waterbury," Speciality Tea - Green - 1.30, Large Flavoured latte - Hazelnut - 2.85,  Frappes - Strawberries & Cream - 2.75,  Mocha - 2.30",9.20,CASH,
08/03/2021 11:49,Chesterfield,Brenda Smith, Smoothies - Carrot Kick - 2.00,2.00,CASH,
08/03/2021 11:49,Chesterfield,Trey Cabrera, Flavoured iced latte - Hazelnut - 2.75,2.75,CARD,6011164386498578
08/03/2021 11:50,Chesterfield,Teresa Rink,"Large Flavoured latte - Gingerbread - 2.85,  Flat white - 2.15, Large Hot chocolate - 2.90",7.90,CARD,374919914214324
08/03/2021 11:50,Chesterfield,Heather Eccleston,Regular Latte - 2.15,2.15,CARD,5497168746526932
08/03/2021 11:51,Chesterfield,Kenneth Fitts,"Large Flavoured latte - Vanilla - 2.85, Regular Americano - 1.95,  Flavoured iced latte - Hazelnut - 2.75",7.55,CARD,372268639315491
08/03/2021 11:51,Chesterfield,James Doyle,"Large Hot chocolate - 2.90,  Flat white - 2.15",5.05,CARD,4749481948626
08/03/2021 11:52,Chesterfield,Javier Ibarra, Smoothies - Glowing Greens - 2.00,2.00,CASH,
08/03/2021 11:52,Chesterfield,Ann Shelton,"Large Chai latte - 2.60,  Frappes - Strawberries & Cream - 2.75",5.35,CASH,
08/03/2021 11:53,Chesterfield,Salena Mateo," Flavoured iced latte - Hazelnut - 2.75,  Iced latte - 2.35",5.10,CARD,5338719484757494
08/03/2021 11:53,Chesterfield,Ashley Valdez," Frappes - Chocolate Cookie - 2.75, Large Espresso - 1.80,  Smoothies - Glowing Greens - 2.00",6.55,CARD,6011942619482133
08/03/2021 11:54,Chesterfield,Sherry Mock," Flavoured iced latte - Vanilla - 2.75, Large Flavoured latte - Gingerbread - 2.85, Large Flavoured latte - Gingerbread - 2.85",8.45,CARD,4543318365256
08/03/2021 11:54,Chesterfield,Donald Latiolais," Smoothies - Carrot Kick - 2.00,  Cortado - 2.05,  Speciality Tea - Camomile - 1.30",5.35,CARD,4389256998544135
08/03/2021 11:55,Chesterfield,Karen Pagel,Large Flavoured latte - Gingerbread - 2.85,2.85,CARD,4241545933933462
08/03/2021 11:55,Chesterfield,Ruth Hall, Speciality Tea - Darjeeling - 1.30,1.30,CASH,
08/03/2021 11:56,Chesterfield,Josie Hosler," Flavoured iced latte - Hazelnut - 2.75, Large Latte - 2.45",5.20,CARD,4734538874582152
08/03/2021 11:56,Chesterfield,Carolyn Rothenberg," Flat white - 2.15,  Speciality Tea - Peppermint - 1.30, Regular Chai latte - 2.30, Large Flavoured hot chocolate - Vanilla - 2.90,  Cortado - 2.05",10.70,CARD,52225668472845610
08/03/2021 11:57,Chesterfield,Lara Phair,"Large Flavoured latte - Hazelnut - 2.85,  Flavoured iced latte - Hazelnut - 2.75",5.60,CARD,349393588874734
08/03/2021 11:57,Chesterfield,David Saldana, Speciality Tea - Earl Grey - 1.30,1.30,CARD,6011348259948534
08/03/2021 11:58,Chesterfield,Sherlyn Lopez," Babyccino - 0.00,  Iced americano - 2.15,  Flavoured iced latte - Vanilla - 2.75,  Babyccino - 0.00,  Speciality Tea - Darjeeling - 1.30",6.20,CARD,6011178943224954
08/03/2021 11:58,Chesterfield,Bertie Orlando,"Regular Flavoured latte - Vanilla - 2.55,  Flavoured iced latte - Vanilla - 2.75,  Flavoured iced latte - Vanilla - 2.75,  Speciality Tea - Green - 1.30",9.35,CASH,
08/03/2021 11:58,Chesterfield,Eugene Mysliwiec," Babyccino - 0.00,  Flavoured iced latte - Hazelnut - 2.75,  Iced americano - 2.15",4.90,CARD,348297154556677
08/03/2021 11:59,Chesterfield,Angel Brady,"Regular Flavoured latte - Hazelnut - 2.55,  Speciality Tea - Fruit - 1.30,  Smoothies - Glowing Greens - 2.00, Large Flavoured latte - Hazelnut - 2.85",8.70,CASH,
08/03/2021 11:59,Chesterfield,Barbara Williams,"Large Chai latte - 2.60, Large Flavoured latte - Hazelnut - 2.85,  Glass of milk - 0.70, Large Flavoured hot chocolate - Vanilla - 2.90,  Smoothies - Glowing Greens - 2.00",11.05,CARD,4225499377544346
08/03/2021 12:00,Chesterfield,Ismael Loftis,Large Flavoured hot chocolate - Vanilla - 2.90,2.90,CASH,
08/03/2021 12:01,Chesterfield,Dale Hall,"Large Flavoured hot chocolate - Hazelnut - 2.90,  Iced americano - 2.15,  Iced latte - 2.35",7.40,CARD,4688689254694
08/03/2021 12:03,Chesterfield,Bertha Maki," Smoothies - Carrot Kick - 2.00, Large Flavoured hot chocolate - Hazelnut - 2.90,  Frappes - Coffee - 2.75",7.65,CASH,
08/03/2021 12:04,Chesterfield,Eugenio Tullius," Speciality Tea - Green - 1.30, Large Latte - 2.45, Regular Latte - 2.15,  Flavoured iced latte - Hazelnut - 2.75",8.65,CARD,4425732731471
08/03/2021 12:05,Chesterfield,Renee White,Large Flavoured latte - Vanilla - 2.85,2.85,CASH,
08/03/2021 12:06,Chesterfield,Mildred Postal, Hot Chocolate - 1.40,1.40,CARD,5156948762927227
08/03/2021 12:08,Chesterfield,Charlotte Holloway,Large Espresso - 1.80,1.80,CASH,
08/03/2021 12:09,Chesterfield,Leroy Vandusen,"Regular Hot chocolate - 2.20, Large Flavoured latte - Vanilla - 2.85,  Iced americano - 2.15,  Speciality Tea - Fruit - 1.30, Regular Latte - 2.15",10.65,CARD,4776299486122767
08/03/2021 12:10,Chesterfield,Richard Mcneill,Large Flavoured hot chocolate - Caramel - 2.90,2.90,CASH,
08/03/2021 12:12,Chesterfield,Jessica Humbert," Hot Chocolate - 1.40,  Red Label tea - 1.20, Large Flavoured latte - Hazelnut - 2.85, Large Latte - 2.45",7.90,CASH,
08/03/2021 12:13,Chesterfield,Dominick Smith," Smoothies - Berry Beautiful - 2.00, Large Hot chocolate - 2.90",4.90,CASH,
08/03/2021 12:14,Chesterfield,Victor Paz," Speciality Tea - English breakfast - 1.30, Regular Flavoured hot chocolate - Vanilla - 2.60,  Mocha - 2.30",6.20,CARD,344995823952946
08/03/2021 12:16,Chesterfield,Mario Hernandez," Smoothies - Glowing Greens - 2.00,  Cortado - 2.05, Regular Cappuccino - 2.15, Large Flavoured latte - Hazelnut - 2.85",9.05,CASH,
08/03/2021 12:17,Chesterfield,Stephanie Hoang,"Large Cappuccino - 2.45,  Speciality Tea - Earl Grey - 1.30, Large Latte - 2.45",6.20,CARD,5482624435627339
08/03/2021 12:18,Chesterfield,Earl Phillips,"Large Latte - 2.45, Large Hot chocolate - 2.90, Regular Flavoured hot chocolate - Caramel - 2.60",7.95,CASH,
08/03/2021 12:19,Chesterfield,Andrew Oaks,"Large Flavoured hot chocolate - Hazelnut - 2.90,  Flavoured iced latte - Hazelnut - 2.75, Regular Flavoured latte - Hazelnut - 2.55",8.20,CARD,6011714922326921
08/03/2021 12:21,Chesterfield,Manuel Morris, Flavoured iced latte - Hazelnut - 2.75,2.75,CARD,5361612384962753
08/03/2021 12:22,Chesterfield,Sharon Smith, Speciality Tea - Darjeeling - 1.30,1.30,CARD,4732435583693879
08/03/2021 12:23,Chesterfield,Cassandra Waterman,Large Flavoured latte - Gingerbread - 2.85,2.85,CASH,
08/03/2021 12:25,Chesterfield,James Johnson,"Large Flavoured latte - Hazelnut - 2.85,  Glass of milk - 0.70, Large Latte - 2.45,  Flat white - 2.15,  Flat white - 2.15",10.30,CARD,5231746882931312
08/03/2021 12:26,Chesterfield,Christie Jenkins, Flavoured iced latte - Caramel - 2.75,2.75,CARD,4387767157331397
08/03/2021 12:27,Chesterfield,Lee Flood, Speciality Tea - Darjeeling - 1.30,1.30,CASH,
08/03/2021 12:29,Chesterfield,Thomas Zimmermann,Large Latte - 2.45,2.45,CARD,4626932364622894
08/03/2021 12:30,Chesterfield,Lester Tatar,"Regular Americano - 1.95,  Smoothies - Carrot Kick - 2.00",3.95,CARD,4911247978427893
08/03/2021 12:31,Chesterfield,Michael Lee," Flavoured iced latte - Hazelnut - 2.75,  Babyccino - 0.00, Large Flavoured hot chocolate - Vanilla - 2.90,  Iced latte - 2.35",8.00,CARD,4428779955688242
08/03/2021 12:32,Chesterfield,Otis Nason," Babyccino - 0.00,  Flavoured iced latte - Hazelnut - 2.75, Large Luxury hot chocolate - 2.70,  Frappes - Coffee - 2.75",8.20,CASH,
08/03/2021 12:34,Chesterfield,Tiffany Bushnell,"Large Cappuccino - 2.45,  Iced americano - 2.15,  Smoothies - Carrot Kick - 2.00",6.60,CASH,
08/03/2021 12:35,Chesterfield,Jesus Guerriero,"Large Cappuccino - 2.45,  Iced latte - 2.35,  Flavoured iced latte - Caramel - 2.75, Regular Flavoured latte - Caramel - 2.55",10.10,CARD,4718964266495292
08/03/2021 12:36,Chesterfield,Donald Cissell," Smoothies - Carrot Kick - 2.00,  Smoothies - Glowing Greens - 2.00,  Speciality Tea - Peppermint - 1.30,  Hot Chocolate - 1.40, Regular Filter coffee - 1.50",8.20,CARD,6011694729851158
08/03/2021 12:38,Chesterfield,Joshua Simmons,Large Luxury hot chocolate - 2.70,2.70,CARD,4927651827655632
08/03/2021 12:39,Chesterfield,Connie Charania, Hot Chocolate - 1.40,1.40,CARD,377692962263546
08/03/2021 12:40,Chesterfield,Claudia Buck," Flavoured iced latte - Hazelnut - 2.75, Large Chai latte - 2.60,  Speciality Tea - English breakfast - 1.30",6.65,CASH,
08/03/2021 12:42,Chesterfield,Courtney Lambert,Large Latte - 2.45,2.45,CASH,
08/03/2021 12:43,Chesterfield,Juanita Mcbride,"Large Cappuccino - 2.45, Large Flavoured latte - Caramel - 2.85, Large Flavoured latte - Vanilla - 2.85, Large Hot chocolate - 2.90,  Red Label tea - 1.20",12.25,CARD,341218257491122
08/03/2021 12:44,Chesterfield,Walter Kelsey, Speciality Tea - Peppermint - 1.30,1.30,CARD,4168345483319645
08/03/2021 12:45,Chesterfield,Craig Lemelin,"Regular Flavoured latte - Caramel - 2.55,  Flat white - 2.15, Large Flavoured latte - Hazelnut - 2.85,  Speciality Tea - Fruit - 1.30",8.85,CASH,
08/03/2021 12:47,Chesterfield,Nicolasa Goldstein,Large Hot chocolate - 2.90,2.90,CASH,
08/03/2021 12:48,Chesterfield,William Campbell,"Large Americano - 2.25,  Flat white - 2.15",4.40,CARD,6011549816764294
08/03/2021 12:49,Chesterfield,Vivian Sipp,Large Latte - 2.45,2.45,CARD,4661349153952
08/03/2021 12:51,Chesterfield,Richard Alsdon,"Large Cappuccino - 2.45,  Mocha - 2.30",4.75,CARD,6011888912217447
08/03/2021 12:52,Chesterfield,Joseph Weir," Flavoured iced latte - Vanilla - 2.75,  Flavoured iced latte - Vanilla - 2.75",5.50,CASH,
08/03/2021 12:53,Chesterfield,Angelica Boone, Hot Chocolate - 1.40,1.40,CARD,5541738597233121
08/03/2021 12:55,Chesterfield,Melanie Schille,"Large Flavoured latte - Vanilla - 2.85,  Red Label tea - 1.20,  Cortado - 2.05, Large Luxury hot chocolate - 2.70",8.80,CASH,
08/03/2021 12:56,Chesterfield,Nancy Chambers,"Large Flavoured latte - Vanilla - 2.85, Regular Flavoured hot chocolate - Caramel - 2.60,  Cortado - 2.05, Large Flavoured hot chocolate - Hazelnut - 2.90",10.40,CARD,5237757454188573
08/03/2021 12:57,Chesterfield,Laura Chauvin," Hot Chocolate - 1.40, Large Flavoured latte - Caramel - 2.85,  Flavoured iced latte - Hazelnut - 2.75, Large Americano - 2.25",9.25,CASH,
08/03/2021 12:58,Chesterfield,Latasha Higgins,"Large Flavoured hot chocolate - Caramel - 2.90,  Smoothies - Glowing Greens - 2.00",4.90,CARD,6011167965877443
08/03/2021 13:00,Chesterfield,Daniel Gaska,"Large Flavoured hot chocolate - Caramel - 2.90, Large Cappuccino - 2.45, Large Latte - 2.45, Large Latte - 2.45",10.25,CARD,362923287959956
08/03/2021 13:02,Chesterfield,James Venson,"Large Cappuccino - 2.45, Large Flavoured latte - Hazelnut - 2.85",5.30,CASH,
08/03/2021 13:04,Chesterfield,Thomas Crum," Cortado - 2.05, Large Latte - 2.45",4.50,CASH,
08/03/2021 13:06,Chesterfield,Jamie Barela,"Regular Flavoured latte - Hazelnut - 2.55,  Cortado - 2.05, Large Chai latte - 2.60",7.20,CARD,4991873311167
08/03/2021 13:09,Chesterfield,Bobbie Huston,"Large Latte - 2.45, Large Americano - 2.25",4.70,CARD,354186472775484
08/03/2021 13:11,Chesterfield,Sheila Hampton,"Large Flavoured latte - Gingerbread - 2.85, Regular Espresso - 1.50,  Cortado - 2.05,  Flavoured iced latte - Caramel - 2.75",9.15,CARD,4741612937526596
08/03/2021 13:13,Chesterfield,Kathleen Beckham," Flavoured iced latte - Vanilla - 2.75, Large Flavoured latte - Caramel - 2.85, Large Luxury hot chocolate - 2.70,  Frappes - Coffee - 2.75",11.05,CARD,6011758956173659
08/03/2021 13:15,Chesterfield,Corey Morris,"Large Chai latte - 2.60, Regular Cappuccino - 2.15,  Frappes - Strawberries & Cream - 2.75, Large Flavoured hot chocolate - Hazelnut - 2.90, Large Flavoured latte - Caramel - 2.85",13.25,CARD,4339464375743384
08/03/2021 13:17,Chesterfield,Lelia Vega,"Large Flavoured latte - Vanilla - 2.85,  Speciality Tea - English breakfast - 1.30,  Cortado - 2.05,  Flavoured iced latte - Vanilla - 2.75,  Frappes - Chocolate Cookie - 2.75",11.70,CARD,3755131787571910
08/03/2021 13:20,Chesterfield,Bret Allen," Speciality Tea - Earl Grey - 1.30,  Speciality Tea - Peppermint - 1.30, Large Flavoured latte - Gingerbread - 2.85,  Smoothies - Glowing Greens - 2.00, Regular Espresso - 1.50",8.95,CARD,4712294258583
08/03/2021 13:22,Chesterfield,Jenna Hoover,"Large Flavoured hot chocolate - Caramel - 2.90,  Flavoured iced latte - Hazelnut - 2.75,  Frappes - Coffee - 2.75",8.40,CARD,4828514158971
08/03/2021 13:24,Chesterfield,Nicolas Wiggins,"Large Flavoured latte - Vanilla - 2.85,  Frappes - Strawberries & Cream - 2.75",5.60,CARD,5525795835535352
08/03/2021 13:26,Chesterfield,Adriane Stewart,"Regular Flavoured latte - Gingerbread - 2.55,  Hot Chocolate - 1.40, Regular Luxury hot chocolate - 2.40, Large Flavoured latte - Gingerbread - 2.85",9.20,CARD,5444417289219163
08/03/2021 13:29,Chesterfield,Trish Johnson," Smoothies - Glowing Greens - 2.00,  Speciality Tea - Camomile - 1.30,  Flavoured iced latte - Vanilla - 2.75,  Flavoured iced latte - Caramel - 2.75,  Flat white - 2.15",10.95,CASH,
08/03/2021 13:31,Chesterfield,Holly Jenkins, Babyccino - 0.00,0.00,CASH,
08/03/2021 13:33,Chesterfield,Ann Gannon," Speciality Tea - Darjeeling - 1.30,  Speciality Tea - Fruit - 1.30, Large Filter coffee - 1.80, Large Flavoured latte - Vanilla - 2.85,  Iced latte - 2.35",9.60,CARD,4887777578838
08/03/2021 13:35,Chesterfield,James Soto,"Large Flavoured latte - Hazelnut - 2.85,  Speciality Tea - English breakfast - 1.30,  Red Label tea - 1.20,  Flat white - 2.15",7.50,CARD,4873275745236
08/03/2021 13:37,Chesterfield,Scott Jackson,"Large Hot chocolate - 2.90,  Cortado - 2.05, Large Flavoured latte - Hazelnut - 2.85,  Speciality Tea - Peppermint - 1.30",9.10,CASH,
08/03/2021 13:40,Chesterfield,Leda Washington,Large Latte - 2.45,2.45,CASH,
08/03/2021 13:42,Chesterfield,Phyllis Spurgeon," Flavoured iced latte - Vanilla - 2.75,  Smoothies - Carrot Kick - 2.00, Large Flavoured latte - Hazelnut - 2.85",7.60,CASH,
08/03/2021 13:44,Chesterfield,William Rivera,Regular Flavoured latte - Hazelnut - 2.55,2.55,CASH,
08/03/2021 13:46,Chesterfield,Judith Emig," Glass of milk - 0.70,  Smoothies - Carrot Kick - 2.00,  Hot Chocolate - 1.40",4.10,CASH,
08/03/2021 13:49,Chesterfield,Alyssa Meadows," Speciality Tea - Green - 1.30, Large Latte - 2.45, Large Flavoured latte - Hazelnut - 2.85, Regular Filter coffee - 1.50,  Flavoured iced latte - Vanilla - 2.75",10.85,CARD,5275173378462198
08/03/2021 13:51,Chesterfield,Colleen Johnson,"Large Latte - 2.45, Regular Flavoured latte - Hazelnut - 2.55",5.00,CASH,
08/03/2021 13:53,Chesterfield,Deangelo Smith,"Regular Flavoured latte - Vanilla - 2.55,  Flavoured iced latte - Vanilla - 2.75",5.30,CARD,377134889761799
08/03/2021 13:55,Chesterfield,Ruth Ramos,"Large Flavoured hot chocolate - Hazelnut - 2.90,  Frappes - Coffee - 2.75",5.65,CARD,60119966795673410
08/03/2021 13:57,Chesterfield,Dorothy Archuleta," Flavoured iced latte - Hazelnut - 2.75, Regular Latte - 2.15",4.90,CARD,4942639831642
08/03/2021 14:00,Chesterfield,Emily Jackson," Speciality Tea - Camomile - 1.30, Regular Flavoured hot chocolate - Vanilla - 2.60, Large Flavoured latte - Hazelnut - 2.85",6.75,CARD,4236664113434
08/03/2021 14:01,Chesterfield,Eugene Torres,Large Flavoured hot chocolate - Hazelnut - 2.90,2.90,CARD,355422776977115
08/03/2021 14:02,Chesterfield,Florence Nitkowski,"Large Flavoured hot chocolate - Caramel - 2.90,  Speciality Tea - Earl Grey - 1.30,  Cortado - 2.05,  Mocha - 2.30",8.55,CASH,
08/03/2021 14:03,Chesterfield,Mary Shoals,"Large Latte - 2.45,  Frappes - Chocolate Cookie - 2.75",5.20,CARD,5279663934122225
08/03/2021 14:04,Chesterfield,William Murakami," Speciality Tea - Earl Grey - 1.30,  Cortado - 2.05,  Flavoured iced latte - Caramel - 2.75, Regular Hot chocolate - 2.20,  Flavoured iced latte - Vanilla - 2.75",11.05,CASH,
08/03/2021 14:05,Chesterfield,Martin Gervasio,"Large Cappuccino - 2.45,  Speciality Tea - Green - 1.30",3.75,CARD,4243651275446671
08/03/2021 14:06,Chesterfield,Rose Davenport, Speciality Tea - Darjeeling - 1.30,1.30,CARD,53593349748973810
08/03/2021 14:07,Chesterfield,Greg Snyder,"Regular Chai latte - 2.30,  Mocha - 2.30,  Speciality Tea - Earl Grey - 1.30",5.90,CASH,
08/03/2021 14:08,Chesterfield,Lewis Baldwin, Frappes - Chocolate Cookie - 2.75,2.75,CARD,5362337666342594
08/03/2021 14:09,Chesterfield,Shannon Bunch," Flat white - 2.15,  Mocha - 2.30,  Speciality Tea - Green - 1.30",5.75,CARD,6011431431544346
08/03/2021 14:10,Chesterfield,Ronald Hobbs," Iced latte - 2.35, Large Luxury hot chocolate - 2.70",5.05,CARD,368338298951138
08/03/2021 14:11,Chesterfield,Thomas Barnes,"Large Flavoured latte - Vanilla - 2.85, Large Flavoured latte - Hazelnut - 2.85,  Babyccino - 0.00,  Frappes - Coffee - 2.75",8.45,CARD,6011647866488424
08/03/2021 14:12,Chesterfield,John Platt,"Large Americano - 2.25,  Hot Chocolate - 1.40,  Flavoured iced latte - Vanilla - 2.75,  Flavoured iced latte - Caramel - 2.75",9.15,CARD,6011787136889264
08/03/2021 14:13,Chesterfield,Bryan Leeper," Iced latte - 2.35,  Speciality Tea - Peppermint - 1.30, Large Flavoured latte - Caramel - 2.85",6.50,CASH,
08/03/2021 14:14,Chesterfield,Jessica Crenshaw,"Large Flavoured hot chocolate - Hazelnut - 2.90,  Iced latte - 2.35, Regular Flavoured latte - Hazelnut - 2.55",7.80,CASH,
08/03/2021 14:15,Chesterfield,Melisa Bauer,"Regular Flavoured hot chocolate - Vanilla - 2.60, Large Flavoured hot chocolate - Hazelnut - 2.90, Regular Latte - 2.15,  Mocha - 2.30",9.95,CARD,6011496693848966
08/03/2021 14:16,Chesterfield,Esperanza Stewart,Regular Flavoured latte - Vanilla - 2.55,2.55,CARD,375441469915295
08/03/2021 14:17,Chesterfield,Terri Hawkins," Hot Chocolate - 1.40,  Frappes - Coffee - 2.75,  Iced americano - 2.15",6.30,CARD,5464767357155136
08/03/2021 14:18,Chesterfield,Jennifer Driscoll,"Large Latte - 2.45,  Frappes - Strawberries & Cream - 2.75",5.20,CARD,4518727882233823
08/03/2021 14:19,Chesterfield,Charles Lee,"Regular Cappuccino - 2.15,  Flavoured iced latte - Hazelnut - 2.75,  Frappes - Strawberries & Cream - 2.75",7.65,CARD,353344524239543
08/03/2021 14:20,Chesterfield,Nancy Horner,Large Espresso - 1.80,1.80,CARD,6011959524645679
08/03/2021 14:21,Chesterfield,Sara Pullen," Smoothies - Carrot Kick - 2.00,  Frappes - Coffee - 2.75, Large Hot chocolate - 2.90,  Speciality Tea - Darjeeling - 1.30,  Flavoured iced latte - Hazelnut - 2.75",11.70,CASH,
08/03/2021 14:22,Chesterfield,Frank Hultgren,"Large Hot chocolate - 2.90, Large Chai latte - 2.60,  Frappes - Coffee - 2.75,  Speciality Tea - Camomile - 1.30, Large Chai latte - 2.60",12.15,CARD,4122414893931
08/03/2021 14:23,Chesterfield,Anna Zeck,"Regular Cappuccino - 2.15, Large Espresso - 1.80,  Smoothies - Berry Beautiful - 2.00, Large Chai latte - 2.60, Large Espresso - 1.80",10.35,CASH,
08/03/2021 14:24,Chesterfield,John Crocker," Smoothies - Berry Beautiful - 2.00, Large Flavoured hot chocolate - Hazelnut - 2.90,  Flavoured iced latte - Vanilla - 2.75,  Speciality Tea - Earl Grey - 1.30,  Smoothies - Carrot Kick - 2.00",10.95,CARD,5592324221271312
08/03/2021 14:25,Chesterfield,John Frautschi,Regular Cappuccino - 2.15,2.15,CASH,
08/03/2021 14:26,Chesterfield,Linda Archibald,"Regular Flavoured hot chocolate - Vanilla - 2.60,  Smoothies - Carrot Kick - 2.00,  Flavoured iced latte - Caramel - 2.75",7.35,CARD,4754713768469627
08/03/2021 14:27,Chesterfield,Shaun Wyatt,"Large Luxury hot chocolate - 2.70, Large Flavoured latte - Vanilla - 2.85,  Smoothies - Berry Beautiful - 2.00,  Frappes - Strawberries & Cream - 2.75,  Cortado - 2.05",12.35,CASH,
08/03/2021 14:28,Chesterfield,Stephen Wedderburn, Hot Chocolate - 1.40,1.40,CARD,5472778445438962
08/03/2021 14:29,Chesterfield,Vivian Lewis,"Large Flavoured latte - Gingerbread - 2.85,  Flavoured iced latte - Caramel - 2.75",5.60,CASH,
08/03/2021 14:30,Chesterfield,Luisa Fischer,"Large Cappuccino - 2.45,  Speciality Tea - Camomile - 1.30,  Speciality Tea - Peppermint - 1.30",5.05,CASH,
08/03/2021 14:31,Chesterfield,Dorothy Hubbard, Mocha - 2.30,2.30,CARD,4444935439527
08/03/2021 14:32,Chesterfield,Barbara Godfrey, Speciality Tea - Camomile - 1.30,1.30,CARD,5566252475625242
08/03/2021 14:33,Chesterfield,Emanuel Thompson,"Large Hot chocolate - 2.90,  Red Label tea - 1.20,  Flat white - 2.15",6.25,CASH,
08/03/2021 14:34,Chesterfield,Matthew Bach," Speciality Tea - Earl Grey - 1.30,  Smoothies - Carrot Kick - 2.00, Large Espresso - 1.80,  Frappes - Chocolate Cookie - 2.75",7.85,CARD,4567148873389716
08/03/2021 14:35,Chesterfield,Tina Fox,"Large Flavoured latte - Gingerbread - 2.85, Large Flavoured latte - Gingerbread - 2.85, Regular Latte - 2.15",7.85,CARD,4237288771813
08/03/2021 14:36,Chesterfield,Carrie Chilson,"Large Luxury hot chocolate - 2.70, Regular Latte - 2.15,  Flavoured iced latte - Vanilla - 2.75, Regular Flavoured hot chocolate - Vanilla - 2.60",10.20,CARD,4665231115547381
08/03/2021 14:37,Chesterfield,Richard Mccroskey," Flavoured iced latte - Caramel - 2.75, Large Flavoured hot chocolate - Hazelnut - 2.90,  Smoothies - Carrot Kick - 2.00",7.65,CASH,
08/03/2021 14:38,Chesterfield,Diana Hall," Glass of milk - 0.70,  Smoothies - Glowing Greens - 2.00,  Smoothies - Glowing Greens - 2.00,  Flat white - 2.15",6.85,CASH,
08/03/2021 14:39,Chesterfield,Teresa Denson," Mocha - 2.30, Large Espresso - 1.80, Regular Flavoured hot chocolate - Caramel - 2.60",6.70,CASH,
08/03/2021 14:40,Chesterfield,Desirae Pierson, Flat white - 2.15,2.15,CARD,5153766419379623
08/03/2021 14:41,Chesterfield,Anthony Blanton," Speciality Tea - Camomile - 1.30,  Frappes - Coffee - 2.75,  Flavoured iced latte - Caramel - 2.75, Large Latte - 2.45",9.25,CARD,363331392898334
08/03/2021 14:42,Chesterfield,Jasmine Bradburn,"Regular Espresso - 1.50, Large Flavoured latte - Hazelnut - 2.85",4.35,CARD,6011694594512414
08/03/2021 14:43,Chesterfield,Diana Cowman,Large Hot chocolate - 2.90,2.90,CARD,4937178149992368
08/03/2021 14:44,Chesterfield,Michael Deboer,"Large Flavoured latte - Hazelnut - 2.85, Large Flavoured latte - Gingerbread - 2.85, Large Americano - 2.25, Regular Flavoured latte - Gingerbread - 2.55",10.50,CARD,6011159354338277
08/03/2021 14:45,Chesterfield,Ernest Braun," Frappes - Chocolate Cookie - 2.75, Large Flavoured latte - Caramel - 2.85, Large Latte - 2.45, Large Filter coffee - 1.80,  Smoothies - Carrot Kick - 2.00",11.85,CARD,55999421593319410
08/03/2021 14:46,Chesterfield,Pamala Hemstreet," Mocha - 2.30, Large Flavoured latte - Gingerbread - 2.85, Regular Flavoured latte - Gingerbread - 2.55",7.70,CASH,
08/03/2021 14:47,Chesterfield,Bryan Eure, Flat white - 2.15,2.15,CARD,353555638596623
08/03/2021 14:48,Chesterfield,Curtis Goss,"Regular Flavoured hot chocolate - Vanilla - 2.60,  Red Label tea - 1.20, Large Chai latte - 2.60",6.40,CASH,
08/03/2021 14:49,Chesterfield,Lois Walker," Flavoured iced latte - Vanilla - 2.75,  Speciality Tea - English breakfast - 1.30,  Smoothies - Berry Beautiful - 2.00,  Flavoured iced latte - Caramel - 2.75,  Speciality Tea - Green - 1.30",10.10,CARD,48496281892810
08/03/2021 14:50,Chesterfield,Steven Fresh," Smoothies - Carrot Kick - 2.00,  Speciality Tea - Darjeeling - 1.30,  Iced latte - 2.35",5.65,CARD,356146381244848
08/03/2021 14:51,Chesterfield,Kareem Patterson," Mocha - 2.30, Regular Luxury hot chocolate - 2.40,  Flat white - 2.15, Large Chai latte - 2.60,  Frappes - Strawberries & Cream - 2.75",12.20,CASH,
08/03/2021 14:52,Chesterfield,Dexter Velasquez," Hot Chocolate - 1.40,  Red Label tea - 1.20",2.60,CARD,4377115631429233
08/03/2021 14:53,Chesterfield,Joseph Doherty," Speciality Tea - Peppermint - 1.30, Regular Filter coffee - 1.50",2.80,CARD,6011633988732881
08/03/2021 14:54,Chesterfield,Delia Mineo,Large Cappuccino - 2.45,2.45,CASH,
08/03/2021 14:56,Chesterfield,Zane Watson," Speciality Tea - Camomile - 1.30,  Flavoured iced latte - Hazelnut - 2.75",4.05,CARD,6011163272799115
08/03/2021 14:57,Chesterfield,Theresa Lanno," Speciality Tea - English breakfast - 1.30, Large Filter coffee - 1.80,  Flavoured iced latte - Caramel - 2.75,  Babyccino - 0.00, Regular Flavoured hot chocolate - Hazelnut - 2.60",8.45,CARD,4552869255985923
08/03/2021 14:58,Chesterfield,Gerald Sanchez," Cortado - 2.05, Large Flavoured hot chocolate - Hazelnut - 2.90, Large Latte - 2.45",7.40,CARD,4414126837896
08/03/2021 14:59,Chesterfield,Jefferson Rabil," Speciality Tea - Darjeeling - 1.30, Regular Chai latte - 2.30",3.60,CASH,
08/03/2021 15:00,Chesterfield,Annetta Queen,Regular Espresso - 1.50,1.50,CARD,4129383358278669
08/03/2021 15:00,Chesterfield,Doretha King," Frappes - Coffee - 2.75,  Flavoured iced latte - Caramel - 2.75,  Hot Chocolate - 1.40",6.90,CASH,
08/03/2021 15:01,Chesterfield,Alice Hoar," Hot Chocolate - 1.40,  Speciality Tea - Fruit - 1.30",2.70,CARD,4736443439931572
08/03/2021 15:01,Chesterfield,George Reid, Speciality Tea - Camomile - 1.30,1.30,CASH,
08/03/2021 15:02,Chesterfield,Mary Edmond," Iced americano - 2.15,  Frappes - Strawberries & Cream - 2.75,  Speciality Tea - Camomile - 1.30,  Red Label tea - 1.20,  Smoothies - Carrot Kick - 2.00",9.40,CARD,4229636387739285
08/03/2021 15:03,Chesterfield,Kimberly Bruno,"Regular Flavoured hot chocolate - Hazelnut - 2.60,  Frappes - Strawberries & Cream - 2.75,  Glass of milk - 0.70, Regular Espresso - 1.50,  Flavoured iced latte - Hazelnut - 2.75",10.30,CASH,
08/03/2021 15:03,Chesterfield,Carol Masters,"Regular Luxury hot chocolate - 2.40, Large Flavoured hot chocolate - Caramel - 2.90,  Iced latte - 2.35,  Speciality Tea - Earl Grey - 1.30,  Iced americano - 2.15",11.10,CASH,
08/03/2021 15:04,Chesterfield,Lori Frank," Speciality Tea - Darjeeling - 1.30,  Mocha - 2.30,  Flavoured iced latte - Caramel - 2.75,  Speciality Tea - Peppermint - 1.30, Large Espresso - 1.80",9.45,CARD,5142781946524512
08/03/2021 15:05,Chesterfield,Stephanie Thorne, Frappes - Strawberries & Cream - 2.75,2.75,CARD,6011577927323858
08/03/2021 15:05,Chesterfield,Dorothy Fay, Red Label tea - 1.20,1.20,CASH,
08/03/2021 15:06,Chesterfield,Annie Owens, Speciality Tea - Earl Grey - 1.30,1.30,CARD,355167447825538
08/03/2021 15:06,Chesterfield,Lynn Perrotti, Speciality Tea - Camomile - 1.30,1.30,CASH,
08/03/2021 15:07,Chesterfield,Floyd Cartwright,"Large Flavoured latte - Vanilla - 2.85,  Iced latte - 2.35,  Speciality Tea - Green - 1.30",6.50,CASH,
08/03/2021 15:08,Chesterfield,Brigitte Wilson,"Large Flavoured latte - Vanilla - 2.85, Large Cappuccino - 2.45,  Red Label tea - 1.20",6.50,CARD,4629636477674125
08/03/2021 15:08,Chesterfield,Jennifer Goff," Babyccino - 0.00, Large Espresso - 1.80",1.80,CARD,4476178497481
08/03/2021 15:09,Chesterfield,Robert Skinner," Cortado - 2.05,  Speciality Tea - Fruit - 1.30",3.35,CASH,
08/03/2021 15:10,Chesterfield,Kerry Clay,"Large Hot chocolate - 2.90,  Flat white - 2.15, Large Espresso - 1.80,  Frappes - Coffee - 2.75,  Red Label tea - 1.20",10.80,CARD,4519677836653817
08/03/2021 15:10,Chesterfield,Dorothy Moore, Hot Chocolate - 1.40,1.40,CASH,
08/03/2021 15:11,Chesterfield,David Jonson," Smoothies - Berry Beautiful - 2.00,  Cortado - 2.05,  Flavoured iced latte - Hazelnut - 2.75,  Speciality Tea - English breakfast - 1.30, Regular Flavoured latte - Vanilla - 2.55",10.65,CASH,
08/03/2021 15:11,Chesterfield,Ryan Bridges," Frappes - Chocolate Cookie - 2.75,  Frappes - Chocolate Cookie - 2.75,  Iced latte - 2.35,  Flat white - 2.15,  Hot Chocolate - 1.40",11.40,CARD,5348141297585343
08/03/2021 15:12,Chesterfield,Gladys Harris," Iced americano - 2.15, Large Americano - 2.25,  Flat white - 2.15",6.55,CARD,48965633198457610
08/03/2021 15:13,Chesterfield,Susan Fletcher," Frappes - Chocolate Cookie - 2.75,  Speciality Tea - Green - 1.30,  Flavoured iced latte - Hazelnut - 2.75,  Speciality Tea - Fruit - 1.30",8.10,CASH,
08/03/2021 15:13,Chesterfield,Robert Cole," Flavoured iced latte - Hazelnut - 2.75, Large Filter coffee - 1.80,  Flavoured iced latte - Caramel - 2.75",7.30,CARD,6011522251329675
08/03/2021 15:14,Chesterfield,David Pritchard,"Large Chai latte - 2.60,  Speciality Tea - English breakfast - 1.30,  Flavoured iced latte - Vanilla - 2.75,  Flavoured iced latte - Vanilla - 2.75",9.40,CASH,
08/03/2021 15:15,Chesterfield,David Weaver," Smoothies - Glowing Greens - 2.00, Regular Luxury hot chocolate - 2.40,  Iced americano - 2.15",6.55,CARD,4452827257378
08/03/2021 15:15,Chesterfield,Michael Harris, Frappes - Chocolate Cookie - 2.75,2.75,CARD,44765967976729410
08/03/2021 15:16,Chesterfield,Norma Seiersen, Speciality Tea - Darjeeling - 1.30,1.30,CASH,
08/03/2021 15:16,Chesterfield,Jackie Lester," Flavoured iced latte - Caramel - 2.75,  Mocha - 2.30",5.05,CASH,
08/03/2021 15:17,Chesterfield,Roberta Austin," Speciality Tea - Green - 1.30,  Flavoured iced latte - Hazelnut - 2.75, Regular Hot chocolate - 2.20",6.25,CARD,6011324182366599
08/03/2021 15:18,Chesterfield,Sean Johnson," Smoothies - Glowing Greens - 2.00,  Speciality Tea - Peppermint - 1.30",3.30,CARD,347213367612349
08/03/2021 15:18,Chesterfield,Tina Hull,"Large Cappuccino - 2.45,  Smoothies - Berry Beautiful - 2.00, Regular Espresso - 1.50, Regular Flavoured hot chocolate - Hazelnut - 2.60,  Iced latte - 2.35",10.90,CASH,
08/03/2021 15:19,Chesterfield,Robert Rodriguez," Flavoured iced latte - Caramel - 2.75,  Smoothies - Glowing Greens - 2.00,  Hot Chocolate - 1.40, Regular Chai latte - 2.30, Large Luxury hot chocolate - 2.70",11.15,CASH,
08/03/2021 15:20,Chesterfield,Vera Cisco,"Large Hot chocolate - 2.90,  Glass of milk - 0.70",3.60,CASH,
08/03/2021 15:20,Chesterfield,Cheryl Mortensen," Cortado - 2.05,  Frappes - Strawberries & Cream - 2.75,  Flat white - 2.15,  Flavoured iced latte - Hazelnut - 2.75",9.70,CARD,4795141414828452
08/03/2021 15:21,Chesterfield,Dorothy Mccutcheon,Large Latte - 2.45,2.45,CASH,
08/03/2021 15:21,Chesterfield,Frank Brehm," Speciality Tea - Earl Grey - 1.30,  Speciality Tea - Green - 1.30,  Flavoured iced latte - Caramel - 2.75",5.35,CARD,4644332377572
08/03/2021 15:22,Chesterfield,William Mondesir," Speciality Tea - Green - 1.30,  Frappes - Chocolate Cookie - 2.75,  Smoothies - Glowing Greens - 2.00,  Babyccino - 0.00",6.05,CARD,6011734543347585
08/03/2021 15:23,Chesterfield,Shauna Sanders," Speciality Tea - Camomile - 1.30,  Speciality Tea - Peppermint - 1.30, Regular Hot chocolate - 2.20",4.80,CASH,
08/03/2021 15:23,Chesterfield,David Kearby," Speciality Tea - Fruit - 1.30,  Smoothies - Berry Beautiful - 2.00",3.30,CASH,
08/03/2021 15:24,Chesterfield,Danny Eggleston," Flavoured iced latte - Hazelnut - 2.75, Large Espresso - 1.80",4.55,CARD,6011541186817869
08/03/2021 15:25,Chesterfield,Wallace Brown," Frappes - Strawberries & Cream - 2.75,  Flavoured iced latte - Hazelnut - 2.75, Large Flavoured hot chocolate - Caramel - 2.90, Large Chai latte - 2.60, Regular Flavoured latte - Vanilla - 2.55",13.55,CASH,
08/03/2021 15:25,Chesterfield,Gregory Girard,"Large Luxury hot chocolate - 2.70,  Flavoured iced latte - Caramel - 2.75,  Flavoured iced latte - Caramel - 2.75,  Speciality Tea - Peppermint - 1.30",9.50,CARD,344833729288281
08/03/2021 15:26,Chesterfield,Goldie Turner,Regular Flavoured latte - Caramel - 2.55,2.55,CASH,
08/03/2021 15:26,Chesterfield,Marcia Lovell," Flavoured iced latte - Caramel - 2.75,  Smoothies - Carrot Kick - 2.00,  Flavoured iced latte - Caramel - 2.75",7.50,CARD,4789251894923
08/03/2021 15:27,Chesterfield,Alice Trujillo," Smoothies - Carrot Kick - 2.00,  Speciality Tea - Peppermint - 1.30,  Flavoured iced latte - Caramel - 2.75",6.05,CASH,
08/03/2021 15:28,Chesterfield,Bruce Davis," Smoothies - Carrot Kick - 2.00,  Flavoured iced latte - Vanilla - 2.75,  Flavoured iced latte - Hazelnut - 2.75, Large Flavoured latte - Hazelnut - 2.85",10.35,CARD,4196739446365578
08/03/2021 15:28,Chesterfield,Earl Cottrell," Red Label tea - 1.20, Large Espresso - 1.80",3.00,CARD,343861784718943
08/03/2021 15:29,Chesterfield,Crystal Harp,Regular Latte - 2.15,2.15,CARD,6011146359846164
08/03/2021 15:30,Chesterfield,William Wallace," Flavoured iced latte - Caramel - 2.75,  Frappes - Strawberries & Cream - 2.75, Large Flavoured hot chocolate - Hazelnut - 2.90",8.40,CASH,
08/03/2021 15:30,Chesterfield,Roy Gonzalez,"Large Flavoured latte - Caramel - 2.85,  Speciality Tea - Earl Grey - 1.30, Large Flavoured latte - Caramel - 2.85",7.00,CARD,4726531373913317
08/03/2021 15:31,Chesterfield,Woodrow Hopkins,"Large Flavoured hot chocolate - Hazelnut - 2.90,  Smoothies - Berry Beautiful - 2.00, Large Flavoured latte - Hazelnut - 2.85",7.75,CARD,342566433593446
08/03/2021 15:31,Chesterfield,Ronald Reed," Speciality Tea - Earl Grey - 1.30, Large Americano - 2.25",3.55,CARD,4749297768918187
08/03/2021 15:32,Chesterfield,Michael Ingram,"Large Flavoured latte - Caramel - 2.85,  Flavoured iced latte - Hazelnut - 2.75,  Hot Chocolate - 1.40",7.00,CARD,4315518259923673
08/03/2021 15:33,Chesterfield,Christy Brandwein, Flavoured iced latte - Hazelnut - 2.75,2.75,CASH,
08/03/2021 15:33,Chesterfield,Jason Bingle," Red Label tea - 1.20, Large Latte - 2.45, Large Flavoured latte - Hazelnut - 2.85,  Flavoured iced latte - Hazelnut - 2.75, Large Latte - 2.45",11.70,CASH,
08/03/2021 15:34,Chesterfield,Wanda Brooks,Large Flavoured latte - Hazelnut - 2.85,2.85,CARD,3417974793728310
08/03/2021 15:35,Chesterfield,Ralph Flowers," Iced latte - 2.35,  Flat white - 2.15",4.50,CARD,4572175534365
08/03/2021 15:35,Chesterfield,Gladys Savoie,Regular Hot chocolate - 2.20,2.20,CARD,6011513681235541
08/03/2021 15:36,Chesterfield,Amy Hamilton,"Large Latte - 2.45,  Flat white - 2.15,  Iced americano - 2.15, Regular Flavoured latte - Hazelnut - 2.55",9.30,CASH,
08/03/2021 15:36,Chesterfield,Juanita Kendrick," Speciality Tea - Earl Grey - 1.30,  Speciality Tea - Earl Grey - 1.30, Large Flavoured latte - Hazelnut - 2.85,  Frappes - Chocolate Cookie - 2.75",8.20,CASH,
08/03/2021 15:37,Chesterfield,Jeanette Basham," Glass of milk - 0.70, Large Hot chocolate - 2.90, Regular Hot chocolate - 2.20",5.80,CARD,353388271825244
08/03/2021 15:38,Chesterfield,John Currie," Flat white - 2.15, Large Cappuccino - 2.45",4.60,CASH,
08/03/2021 15:38,Chesterfield,John Olsen," Speciality Tea - English breakfast - 1.30, Regular Filter coffee - 1.50",2.80,CARD,4313925779467
08/03/2021 15:39,Chesterfield,Teresa Konieczny," Speciality Tea - Camomile - 1.30,  Smoothies - Carrot Kick - 2.00,  Speciality Tea - English breakfast - 1.30,  Speciality Tea - Camomile - 1.30",5.90,CARD,379287764969719
08/03/2021 15:39,Chesterfield,Ana Wolfe,"Large Flavoured latte - Caramel - 2.85,  Frappes - Strawberries & Cream - 2.75, Regular Flavoured latte - Hazelnut - 2.55,  Flat white - 2.15",10.30,CASH,
08/03/2021 15:40,Chesterfield,Gary Lewis, Babyccino - 0.00,0.00,CASH,
08/03/2021 15:41,Chesterfield,Betty Cervantes," Speciality Tea - Green - 1.30,  Flat white - 2.15,  Speciality Tea - Fruit - 1.30, Large Hot chocolate - 2.90",7.65,CASH,
08/03/2021 15:41,Chesterfield,Robert Perry,"Large Latte - 2.45,  Iced americano - 2.15,  Iced americano - 2.15,  Flavoured iced latte - Vanilla - 2.75",9.50,CASH,
08/03/2021 15:42,Chesterfield,Gary Guth," Smoothies - Glowing Greens - 2.00,  Speciality Tea - Fruit - 1.30, Large Flavoured latte - Caramel - 2.85",6.15,CASH,
08/03/2021 15:43,Chesterfield,Natalie Brown, Smoothies - Carrot Kick - 2.00,2.00,CASH,
08/03/2021 15:43,Chesterfield,Sadie Sexton, Smoothies - Glowing Greens - 2.00,2.00,CARD,4627164585586
08/03/2021 15:44,Chesterfield,Brent Cox,"Large Flavoured hot chocolate - Hazelnut - 2.90, Large Espresso - 1.80,  Flavoured iced latte - Hazelnut - 2.75, Large Americano - 2.25",9.70,CARD,4838683766875341
08/03/2021 15:44,Chesterfield,Ashley Ritchie,"Large Americano - 2.25,  Flavoured iced latte - Vanilla - 2.75",5.00,CASH,
08/03/2021 15:45,Chesterfield,Warren Senato," Smoothies - Berry Beautiful - 2.00,  Hot Chocolate - 1.40, Large Flavoured latte - Caramel - 2.85,  Flavoured iced latte - Hazelnut - 2.75",9.00,CASH,
08/03/2021 15:46,Chesterfield,Kelly Crow,"Large Cappuccino - 2.45,  Frappes - Strawberries & Cream - 2.75",5.20,CASH,
08/03/2021 15:46,Chesterfield,Jane Carlton," Speciality Tea - Green - 1.30,  Frappes - Coffee - 2.75,  Iced latte - 2.35,  Frappes - Coffee - 2.75",9.15,CARD,359365933146742
08/03/2021 15:47,Chesterfield,Ken Wright,"Large Hot chocolate - 2.90,  Red Label tea - 1.20,  Flavoured iced latte - Vanilla - 2.75",6.85,CARD,5462619417858864
08/03/2021 15:48,Chesterfield,Justin Brown,"Large Chai latte - 2.60,  Flavoured iced latte - Vanilla - 2.75,  Red Label tea - 1.20,  Speciality Tea - Fruit - 1.30",7.85,CARD,6011993274626795
08/03/2021 15:48,Chesterfield,Carl Shrefler," Cortado - 2.05,  Hot Chocolate - 1.40, Large Espresso - 1.80,  Flavoured iced latte - Hazelnut - 2.75",8.00,CARD,4188757699383
08/03/2021 15:49,Chesterfield,Bradley Daniels, Smoothies - Glowing Greens - 2.00,2.00,CARD,4468686996781
08/03/2021 15:49,Chesterfield,Elnora Mcneal, Cortado - 2.05,2.05,CASH,
08/03/2021 15:50,Chesterfield,Juan Salazar,"Large Flavoured latte - Hazelnut - 2.85,  Flavoured iced latte - Caramel - 2.75, Regular Latte - 2.15",7.75,CARD,52594345513473610
08/03/2021 15:51,Chesterfield,Ronald Reed,Large Hot chocolate - 2.90,2.90,CARD,5187683417962245
08/03/2021 15:51,Chesterfield,Kay Thomas,"Large Hot chocolate - 2.90,  Frappes - Coffee - 2.75",5.65,CASH,
08/03/2021 15:52,Chesterfield,Sandra Gonzalez," Speciality Tea - English breakfast - 1.30, Large Flavoured hot chocolate - Vanilla - 2.90,  Speciality Tea - Earl Grey - 1.30, Regular Chai latte - 2.30,  Cortado - 2.05",9.85,CASH,
08/03/2021 15:53,Chesterfield,Kelly Brown," Flat white - 2.15, Large Flavoured hot chocolate - Vanilla - 2.90,  Iced americano - 2.15,  Speciality Tea - Peppermint - 1.30",8.50,CASH,
08/03/2021 15:53,Chesterfield,Annette Sobina,"Large Flavoured latte - Vanilla - 2.85,  Flat white - 2.15,  Red Label tea - 1.20,  Speciality Tea - Earl Grey - 1.30",7.50,CARD,4829882927856
08/03/2021 15:54,Chesterfield,Jamie Hubbard,Large Latte - 2.45,2.45,CARD,5183815232816669
08/03/2021 15:54,Chesterfield,Frances Burger,"Large Flavoured latte - Hazelnut - 2.85,  Speciality Tea - Camomile - 1.30, Large Flavoured hot chocolate - Caramel - 2.90,  Mocha - 2.30",9.35,CARD,351249738327699
08/03/2021 15:55,Chesterfield,Jacques Victor,Large Espresso - 1.80,1.80,CASH,
08/03/2021 15:56,Chesterfield,Lynne Sterling," Flavoured iced latte - Caramel - 2.75,  Red Label tea - 1.20, Regular Luxury hot chocolate - 2.40,  Flavoured iced latte - Hazelnut - 2.75,  Flat white - 2.15",11.25,CASH,
08/03/2021 15:56,Chesterfield,Dorothy Sonoda,Large Latte - 2.45,2.45,CARD,6011111228238654
08/03/2021 15:57,Chesterfield,Regina Whitford,"Large Flavoured latte - Gingerbread - 2.85, Large Latte - 2.45,  Glass of milk - 0.70,  Smoothies - Glowing Greens - 2.00",8.00,CASH,
08/03/2021 15:58,Chesterfield,Pearl Herron,"Regular Espresso - 1.50,  Mocha - 2.30,  Iced latte - 2.35, Large Luxury hot chocolate - 2.70, Large Flavoured latte - Caramel - 2.85",11.70,CARD,4857869398837314
08/03/2021 15:58,Chesterfield,Brian Styers,"Regular Flavoured latte - Hazelnut - 2.55,  Flavoured iced latte - Caramel - 2.75, Large Hot chocolate - 2.90, Large Espresso - 1.80",10.00,CASH,
08/03/2021 15:59,Chesterfield,Donald Glover," Hot Chocolate - 1.40, Large Luxury hot chocolate - 2.70,  Glass of milk - 0.70,  Smoothies - Berry Beautiful - 2.00",6.80,CARD,54621739264937310
08/03/2021 15:59,Chesterfield,David Poindexter, Mocha - 2.30,2.30,CASH,
08/03/2021 16:00,Chesterfield,Marshall Seifert,"Large Flavoured latte - Hazelnut - 2.85, Regular Espresso - 1.50,  Cortado - 2.05,  Frappes - Chocolate Cookie - 2.75,  Iced latte - 2.35",11.50,CASH,
08/03/2021 16:02,Chesterfield,Freddie Rutherford," Smoothies - Carrot Kick - 2.00,  Flavoured iced latte - Hazelnut - 2.75",4.75,CASH,
08/03/2021 16:04,Chesterfield,Palma Macdonald,"Large Latte - 2.45,  Flavoured iced latte - Hazelnut - 2.75,  Flavoured iced latte - Vanilla - 2.75",7.95,CARD,375729977453563
08/03/2021 16:05,Chesterfield,Susan Bishop," Hot Chocolate - 1.40, Large Flavoured latte - Caramel - 2.85,  Frappes - Chocolate Cookie - 2.75,  Frappes - Strawberries & Cream - 2.75",9.75,CASH,
08/03/2021 16:07,Chesterfield,Lucinda Rievley,Large Americano - 2.25,2.25,CARD,4243113468989
08/03/2021 16:09,Chesterfield,Marianne Dublin," Cortado - 2.05, Large Flavoured latte - Gingerbread - 2.85",4.90,CASH,
08/03/2021 16:11,Chesterfield,Helen Gaston," Flavoured iced latte - Caramel - 2.75,  Cortado - 2.05",4.80,CARD,6011474446435555
08/03/2021 16:12,Chesterfield,Jesus Norris," Flat white - 2.15, Regular Flavoured hot chocolate - Vanilla - 2.60, Large Americano - 2.25",7.00,CARD,4462766919745439
08/03/2021 16:14,Chesterfield,Jesse Ruthledge,"Large Flavoured latte - Hazelnut - 2.85,  Flavoured iced latte - Vanilla - 2.75, Large Chai latte - 2.60",8.20,CASH,
08/03/2021 16:16,Chesterfield,David Garcia," Speciality Tea - Earl Grey - 1.30,  Frappes - Coffee - 2.75, Large Latte - 2.45, Large Flavoured hot chocolate - Hazelnut - 2.90, Regular Filter coffee - 1.50",10.90,CASH,
08/03/2021 16:18,Chesterfield,Martin Berger," Speciality Tea - Peppermint - 1.30, Large Flavoured latte - Hazelnut - 2.85, Large Flavoured hot chocolate - Caramel - 2.90,  Iced latte - 2.35",9.40,CARD,6011355243189943
08/03/2021 16:19,Chesterfield,Lorene Rossi, Speciality Tea - Camomile - 1.30,1.30,CASH,
08/03/2021 16:21,Chesterfield,Juan Buddington," Flat white - 2.15,  Smoothies - Carrot Kick - 2.00,  Flavoured iced latte - Hazelnut - 2.75,  Speciality Tea - English breakfast - 1.30,  Speciality Tea - Darjeeling - 1.30",9.50,CARD,4341635454758
08/03/2021 16:23,Chesterfield,Victoria Miller,"Large Flavoured latte - Caramel - 2.85, Regular Cappuccino - 2.15, Large Flavoured latte - Hazelnut - 2.85,  Glass of milk - 0.70",8.55,CARD,5471439235389383
08/03/2021 16:25,Chesterfield,Nicholas Penrod," Frappes - Strawberries & Cream - 2.75, Large Cappuccino - 2.45,  Speciality Tea - Earl Grey - 1.30",6.50,CARD,372434433392785
08/03/2021 16:26,Chesterfield,Sharon Payne, Smoothies - Glowing Greens - 2.00,2.00,CARD,6011195624217685
08/03/2021 16:28,Chesterfield,Carole Miller," Flavoured iced latte - Hazelnut - 2.75,  Smoothies - Glowing Greens - 2.00, Large Hot chocolate - 2.90,  Babyccino - 0.00",7.65,CASH,
08/03/2021 16:30,Chesterfield,Nellie Cameron," Frappes - Coffee - 2.75, Large Flavoured hot chocolate - Vanilla - 2.90",5.65,CASH,
08/03/2021 16:32,Chesterfield,Ladonna Frech, Frappes - Strawberries & Cream - 2.75,2.75,CASH,
08/03/2021 16:33,Chesterfield,Christine Fultz," Flat white - 2.15, Regular Latte - 2.15, Large Flavoured hot chocolate - Hazelnut - 2.90, Large Filter coffee - 1.80, Large Latte - 2.45",11.45,CASH,
08/03/2021 16:35,Chesterfield,Lori Kerr,Regular Latte - 2.15,2.15,CARD,369481694978278
08/03/2021 16:37,Chesterfield,Shannon Carrozza," Speciality Tea - English breakfast - 1.30,  Babyccino - 0.00",1.30,CASH,
08/03/2021 16:39,Chesterfield,Brian Mccool," Iced latte - 2.35,  Cortado - 2.05,  Flavoured iced latte - Caramel - 2.75,  Iced latte - 2.35, Regular Flavoured latte - Caramel - 2.55",12.05,CASH,
08/03/2021 16:40,Chesterfield,James Thomas," Speciality Tea - Green - 1.30, Large Flavoured latte - Hazelnut - 2.85,  Speciality Tea - English breakfast - 1.30",5.45,CASH,
08/03/2021 16:42,Chesterfield,Clayton Rodriguez," Flavoured iced latte - Hazelnut - 2.75,  Frappes - Coffee - 2.75,  Mocha - 2.30,  Speciality Tea - Green - 1.30, Regular Flavoured hot chocolate - Caramel - 2.60",11.70,CARD,374192289956644
08/03/2021 16:44,Chesterfield,Minh Adams,Regular Flavoured latte - Hazelnut - 2.55,2.55,CASH,
08/03/2021 16:46,Chesterfield,Rick Cervantes,"Large Flavoured latte - Vanilla - 2.85,  Speciality Tea - Darjeeling - 1.30",4.15,CASH,
08/03/2021 16:48,Chesterfield,Glennis Carson,"Large Espresso - 1.80, Large Luxury hot chocolate - 2.70,  Frappes - Chocolate Cookie - 2.75",7.25,CASH,
08/03/2021 16:49,Chesterfield,Gilberto Emerson," Hot Chocolate - 1.40, Regular Flavoured hot chocolate - Caramel - 2.60,  Speciality Tea - Darjeeling - 1.30",5.30,CARD,5462769161392964
08/03/2021 16:51,Chesterfield,Robert Simpson," Flavoured iced latte - Caramel - 2.75,  Flavoured iced latte - Vanilla - 2.75, Large Luxury hot chocolate - 2.70,  Mocha - 2.30",10.50,CARD,375742424231573
08/03/2021 16:53,Chesterfield,Mary Slone," Flavoured iced latte - Hazelnut - 2.75, Regular Filter coffee - 1.50, Large Espresso - 1.80,  Hot Chocolate - 1.40",7.45,CARD,6011178879287579
08/03/2021 16:55,Chesterfield,Israel Galentine,"Regular Hot chocolate - 2.20, Large Flavoured hot chocolate - Vanilla - 2.90,  Smoothies - Carrot Kick - 2.00,  Frappes - Chocolate Cookie - 2.75,  Hot Chocolate - 1.40",11.25,CARD,4522621767671
08/03/2021 16:56,Chesterfield,Eugene Bursley," Speciality Tea - English breakfast - 1.30, Large Flavoured hot chocolate - Caramel - 2.90,  Smoothies - Glowing Greens - 2.00,  Frappes - Chocolate Cookie - 2.75",8.95,CARD,5361746343731345
08/03/2021 16:58,Chesterfield,Keith Craven,Regular Americano - 1.95,1.95,CARD,351342897159324
